feature,cls,pyradiomics_name,n,pearson_r,ccc,icc,mae,median_abs_err,max_abs_err,mean_difference,sd_difference,loa_lower,loa_upper,median_rel_err,max_rel_err,frac_within_1e6,frac_within_1e3,slope,intercept,mean_pyrad,sd_pyrad,status
firstorder_10Percentile,firstorder,original_firstorder_10Percentile,8644,1.0,1.0,1.0,0.0,0.0,0.0,0.0,0.0,0.0,0.0,0.0,0.0,1.0,1.0,1.0000000000000004,0.0,67.13652244331328,22.79828735912192,exact
firstorder_90Percentile,firstorder,original_firstorder_90Percentile,8644,1.0,1.0,1.0,0.0,0.0,0.0,0.0,0.0,0.0,0.0,0.0,0.0,1.0,1.0,0.9999999999999974,-2.934702277235726e-14,111.25784359093012,22.81914371781744,exact
firstorder_Energy,firstorder,original_firstorder_Energy,8644,1.0,1.0,1.0,0.0,0.0,0.0,0.0,0.0,0.0,0.0,0.0,0.0,1.0,1.0,1.000000000000001,0.0,4507583.076584915,4070273.0433896473,exact
firstorder_Entropy,firstorder,original_firstorder_Entropy,8644,0.9999999999999998,1.0000000000000002,1.0,1.5487880372534368e-15,1.5543122344752192e-15,3.552713678800501e-15,1.5487880372534368e-15,4.659829102694722e-16,6.354615331252713e-16,2.4621145413816024e-15,1.0112965401522907e-15,5.674436959484807e-15,1.0,1.0,1.0000000000000009,0.0,1.5304236381420078,0.31610748929696963,exact
firstorder_InterquartileRange,firstorder,original_firstorder_InterquartileRange,8644,1.0,1.0,1.0,0.0,0.0,0.0,0.0,0.0,0.0,0.0,0.0,0.0,1.0,1.0,1.0000000000000022,2.445585231029773e-15,22.860220962517353,7.3556478855717184,exact
firstorder_Kurtosis,firstorder,original_firstorder_Kurtosis,8644,1.0,0.9999999999999999,1.0,8.226156657493897e-15,4.884981308350689e-15,2.0250467969162855e-13,2.2088865776843408e-16,1.448177506111175e-14,-2.8163390462010594e-14,2.860516777754746e-14,1.4461717699732626e-15,5.605909750144294e-14,1.0,1.0,1.0000000000000007,-3.0569815387872115e-16,3.5612798515407045,1.3844201367680555,exact
firstorder_Maximum,firstorder,original_firstorder_Maximum,8644,1.0,1.0,1.0,0.0,0.0,0.0,0.0,0.0,0.0,0.0,0.0,0.0,1.0,1.0,0.9999999999999937,-9.782340924119064e-15,145.63304025913928,25.46047922328383,exact
firstorder_Mean,firstorder,original_firstorder_Mean,8644,1.0,1.0,1.0,0.0,0.0,0.0,0.0,0.0,0.0,0.0,0.0,0.0,1.0,1.0,0.9999999999999993,9.782340924119099e-15,87.50223589723123,22.999143691300958,exact
firstorder_MeanAbsoluteDeviation,firstorder,original_firstorder_MeanAbsoluteDeviation,8644,0.9999999999999999,1.0,1.0,2.871968691966018e-14,1.7763568394002505e-14,7.318590178329032e-13,2.981829909729018e-16,4.6023956214882413e-14,-8.990877119019663e-14,9.050513717214242e-14,1.3093415188088518e-15,3.5553548827516644e-14,1.0,1.0,1.0000000000000004,3.668377846544658e-15,13.90906796681686,3.973503839476475,exact
firstorder_Median,firstorder,original_firstorder_Median,8644,1.0,1.0,1.0,0.0,0.0,0.0,0.0,0.0,0.0,0.0,0.0,0.0,1.0,1.0,0.9999999999999953,-9.782340924119069e-15,85.20609671448403,24.620689309047677,exact
firstorder_Minimum,firstorder,original_firstorder_Minimum,8644,1.0,1.0,1.0,0.0,0.0,0.0,0.0,0.0,0.0,0.0,0.0,0.0,1.0,1.0,1.0000000000000033,4.891170462059546e-15,53.961707542804255,20.614625544707987,exact
firstorder_Range,firstorder,original_firstorder_Range,8644,0.9999999999999999,1.0,1.0,0.0,0.0,0.0,0.0,0.0,0.0,0.0,0.0,0.0,1.0,1.0,1.0000000000000029,-9.782340924119097e-15,91.67133271633503,25.906416976598205,exact
firstorder_RobustMeanAbsoluteDeviation,firstorder,original_firstorder_RobustMeanAbsoluteDeviation,8644,0.9999999999999999,1.0000000000000002,1.0,1.3853744106957234e-14,7.993605777301127e-15,2.6290081223123707e-13,1.6075371791078736e-16,2.2620959914147043e-14,-4.417632771381742e-14,4.449783514963899e-14,8.788968272123471e-16,2.1167192304405085e-14,1.0,1.0,0.9999999999999988,-1.8341889232723273e-15,9.777192818781113,2.9912788692538026,exact
firstorder_RootMeanSquared,firstorder,original_firstorder_RootMeanSquared,8644,1.0,1.0,1.0,0.0,0.0,0.0,0.0,0.0,0.0,0.0,0.0,0.0,1.0,1.0,1.0,0.0,89.5161990944422,22.45412482007214,exact
firstorder_Skewness,firstorder,original_firstorder_Skewness,8644,1.0,0.9999999999999999,1.0,1.5470763796783778e-15,7.771561172376096e-16,3.7636560534792807e-14,2.186732867988116e-17,2.776135141007406e-15,-5.419357547694635e-15,5.4630922050543965e-15,1.6652700865133826e-15,2.6266746272617214e-12,1.0,1.0,1.0000000000000004,7.642453846968036e-17,0.612257102035628,0.6147026624608012,exact
firstorder_StandardDeviation,firstorder,original_firstorder_StandardDeviation,8644,1.0,1.0,1.0,7.209513977123934e-15,3.552713678800501e-15,2.7355895326763857e-13,-2.711595152231178e-16,1.3287994343506481e-14,-2.631562842849582e-14,2.5773309398049586e-14,2.6886762459236727e-16,1.5077322458501293e-14,1.0,1.0,0.9999999999999996,0.0,17.536715769185474,4.91928086555205,exact
firstorder_TotalEnergy,firstorder,original_firstorder_TotalEnergy,8644,1.0,1.0,1.0,0.0,0.0,0.0,0.0,0.0,0.0,0.0,0.0,0.0,1.0,1.0,1.000000000000001,0.0,4507583.076584915,4070273.0433896473,exact
firstorder_Uniformity,firstorder,original_firstorder_Uniformity,8644,1.0,1.0,1.0,1.8302496646122721e-19,0.0,1.1102230246251565e-16,3.532060756269297e-20,4.190208801681241e-18,-8.177488643732539e-18,8.248129858857924e-18,0.0,4.1138259372115744e-16,1.0,1.0,0.9999999999999997,0.0,0.41398284133123603,0.0980516661356449,exact
firstorder_Variance,firstorder,original_firstorder_Variance,8644,1.0,1.0000000000000002,1.0,2.7055739519310364e-13,1.5631940186722204e-13,1.1482370609883219e-11,-5.6681483508026036e-15,5.22367393640569e-13,-1.029508239886318e-12,1.0181719431847127e-12,5.561252249120741e-16,3.0217937543392624e-14,1.0,1.0,0.9999999999999993,0.0,331.7357242033849,188.80602480132507,exact
glcm_Autocorrelation,glcm,original_glcm_Autocorrelation,8644,1.0,1.0,1.0,6.904857682074088e-16,4.440892098500626e-16,8.881784197001252e-15,-6.678805793672853e-19,1.1717893650891452e-15,-2.2973750361540916e-15,2.2960392749953574e-15,1.1494143254185128e-16,8.607717713208069e-16,1.0,1.0,0.9999999999999991,1.2227926155148887e-15,5.93975578556879,2.7745067938649033,exact
glcm_ClusterProminence,glcm,original_glcm_ClusterProminence,8644,0.9999999999999999,1.0000000000000002,1.0,4.9555005068317674e-15,1.1102230246251565e-15,2.5579538487363607e-13,8.065942381589522e-17,1.2662549639570006e-14,-2.4737937869741315e-14,2.4899256717373107e-14,1.7837951246892898e-16,2.6496735264110466e-15,1.0,1.0,1.0000000000000007,-2.4455852310297704e-15,16.269120922712993,21.734002708579904,exact
glcm_ClusterShade,glcm,original_glcm_ClusterShade,8644,0.9999999999999999,1.0,1.0,2.6123056130654895e-15,1.3322676295501878e-15,4.973799150320701e-14,2.548682863553662e-17,4.5719300318132805e-15,-8.935496033718492e-15,8.986469690989566e-15,1.2277348778947312e-15,2.299377762880095e-11,1.0,1.0,0.9999999999999997,0.0,1.5715592354544132,2.7827764529602486,exact
glcm_ClusterTendency,glcm,original_glcm_ClusterTendency,8644,1.0,1.0000000000000002,1.0,3.0340401896353264e-16,2.220446049250313e-16,5.329070518200751e-15,-4.052236976738048e-18,5.173310965477192e-16,-1.0180211862102677e-15,1.0099167122567917e-15,1.3581101497540317e-16,1.0235715611316268e-15,1.0,1.0,1.0000000000000009,3.056981538787217e-16,1.9388822697071606,1.0380185115908038,exact
glcm_Contrast,glcm,original_glcm_Contrast,8644,1.0,1.0,1.0,3.546510095726762e-17,0.0,4.440892098500626e-16,-1.165580049568868e-18,6.574099365332283e-17,-1.3001792761008161e-16,1.2768676751094387e-16,0.0,1.5016922890372581e-15,1.0,1.0,1.0000000000000007,5.731840385226028e-17,0.3051008330734623,0.11800874094085691,exact
glcm_Correlation,glcm,original_glcm_Correlation,8644,1.0,0.9999999999999998,1.0,3.5004728947331163e-16,3.3306690738754696e-16,3.497202527569243e-15,3.381330063495505e-16,2.4531953625317097e-16,-1.426932847066646e-16,8.189592974057656e-16,4.664405094249761e-16,1.4300155262835106e-14,1.0,1.0,0.9999999999999996,6.87820846227123e-16,0.7024316087416954,0.09365057004195065,exact
glcm_DifferenceAverage,glcm,original_glcm_DifferenceAverage,8644,1.0,1.0,1.0,1.5393362968686374e-17,0.0,2.220446049250313e-16,-7.70631437731483e-20,4.0937303862746045e-17,-8.031417871475539e-17,8.01600524272091e-17,0.0,7.182258008942815e-16,1.0,1.0,0.9999999999999988,-9.553067308710067e-17,0.28115084994877,0.08655180915996569,exact
glcm_DifferenceEntropy,glcm,original_glcm_DifferenceEntropy,8644,1.0,1.0,1.0,1.0012352684080025e-15,9.992007221626409e-16,2.4424906541753444e-15,1.0012352684080025e-15,2.6999661266964737e-16,4.720419075754937e-16,1.5304286292405113e-15,1.1339280403354903e-15,4.156434937285506e-15,1.0,1.0,1.000000000000001,2.292736154090411e-16,0.8769567600144341,0.16597349213278756,exact
glcm_DifferenceVariance,glcm,original_glcm_DifferenceVariance,8644,0.9999999999999998,1.0,1.0,9.355144557627815e-18,0.0,1.942890293094024e-16,1.0435634052613833e-19,3.1519548747243597e-17,-6.167395920407131e-17,6.188267188512358e-17,0.0,8.649682658028026e-16,1.0,1.0,0.9999999999999997,0.0,0.21856381697768335,0.0671824538073398,exact
glcm_Id,glcm,original_glcm_Id,8644,0.9999999999999998,1.0,1.0,1.1237090747854574e-16,1.1102230246251565e-16,8.881784197001252e-16,3.711874758406643e-18,1.5789388270739836e-16,-3.0576013534809413e-16,3.131838848649074e-16,1.281723436263075e-16,1.2111325735525047e-15,1.0,1.0,1.0000000000000002,1.52849076939361e-16,0.8632068706763611,0.03930074765027502,exact
glcm_Idm,glcm,original_glcm_Idm,8644,1.0,1.0000000000000002,1.0,1.1152321289704111e-16,1.1102230246251565e-16,6.661338147750939e-16,3.2109643238811795e-19,1.5654044159644007e-16,-3.0649816909663444e-16,3.0714036196141067e-16,1.2818604291227842e-16,9.151145396789803e-16,1.0,1.0,0.9999999999999998,1.5284907693936075e-16,0.8618124986618437,0.040661860046631464,exact
glcm_Idmn,glcm,original_glcm_Idmn,8644,0.9999999999999997,1.0000000000000002,1.0,1.1595434366399715e-16,0.0,7.771561172376096e-16,1.1045717274151257e-18,1.851096468736456e-16,-3.6171033614493024e-16,3.639194795997605e-16,0.0,7.870722865751545e-16,1.0,1.0,1.0000000000000007,-7.642453846968043e-16,0.9861364022685587,0.005508636893992303,exact
glcm_Idn,glcm,original_glcm_Idn,8644,1.0,1.0,1.0,1.146828017917402e-16,0.0,8.881784197001252e-16,-2.915555606084111e-18,1.8314970439876148e-16,-3.6188897622765664e-16,3.560578650154884e-16,0.0,9.288852776909085e-16,1.0,1.0,1.0,4.585472308180819e-16,0.9507765897417304,0.012462807901500339,exact
glcm_Imc1,glcm,original_glcm_Imc1,8644,1.0,0.9999999999999999,1.0,1.2637135663209834e-14,7.993605777301127e-15,2.922107000813412e-13,-1.2631638391944715e-14,1.5522210466329945e-14,-4.305517090595141e-14,1.779189412206198e-14,2.4836340767516154e-14,1.700898693036173e-12,1.0,1.0,1.0000000000000082,-9.935190001058444e-15,-0.330262983969249,0.08362374526021049,exact
glcm_Imc2,glcm,original_glcm_Imc2,8644,1.0,0.9999999999999997,1.0,1.0277486032251874e-15,8.881784197001252e-16,8.43769498715119e-15,1.0002996747024892e-15,8.248576474573966e-16,-6.164213143140082e-16,2.6170206637189865e-15,1.1047720697566203e-15,4.409611069552717e-13,1.0,1.0,0.9999999999999996,1.8341889232723316e-15,0.7715382361649255,0.09621931206091412,exact
glcm_InverseVariance,glcm,original_glcm_InverseVariance,8644,0.9999999999999998,1.0,1.0,2.8140891334494657e-17,0.0,2.7755575615628914e-16,-7.3852179449267125e-19,5.687046939971138e-17,-1.1220464181792696e-16,1.1072759822894162e-16,0.0,9.936902728758772e-16,1.0,1.0,0.9999999999999991,1.9106134617420112e-17,0.26212228863039216,0.06899972051024919,exact
glcm_JointAverage,glcm,original_glcm_JointAverage,8644,1.0,1.0,1.0,2.012118683916902e-16,0.0,2.220446049250313e-15,-4.700851770162046e-18,3.524263397659994e-16,-6.954564777115209e-16,6.860547741711968e-16,0.0,9.280791461564638e-16,1.0,1.0,1.0000000000000007,1.5284907693936055e-16,2.2889307854330205,0.5404685799446084,exact
glcm_JointEnergy,glcm,original_glcm_JointEnergy,8644,1.0,1.0,1.0,3.878684355032271e-17,0.0,4.996003610813204e-16,-2.3600587780526666e-19,6.850265030890273e-17,-1.345012004832546e-16,1.3402918872764406e-16,0.0,1.878147030311626e-15,1.0,1.0,0.9999999999999997,0.0,0.28470526492572173,0.11058129346180887,exact
glcm_JointEntropy,glcm,original_glcm_JointEntropy,8644,1.0,1.0000000000000002,1.0,5.308880241429642e-15,4.884981308350689e-15,1.9539925233402755e-14,5.308880241429642e-15,2.3651386407800307e-15,6.732085055007815e-16,9.944551977358503e-15,2.0117142532529734e-15,7.92458315634811e-15,1.0,1.0,1.0000000000000044,-1.987038000211694e-15,2.4561773464837993,0.515967230971788,exact
glcm_MaximumProbability,glcm,original_glcm_MaximumProbability,8644,1.0,1.0,1.0,0.0,0.0,0.0,0.0,0.0,0.0,0.0,0.0,0.0,1.0,1.0,0.9999999999999992,0.0,0.44500078131974147,0.129805626328855,exact
glcm_SumAverage,glcm,original_glcm_SumAverage,8644,1.0,1.0,1.0,2.0303569612765473e-16,0.0,3.552713678800501e-15,-3.904532617839514e-18,4.642442931258279e-16,-9.13823347144462e-16,9.06014281908783e-16,0.0,5.753247211569421e-16,1.0,1.0,1.0000000000000004,0.0,4.577861570866041,1.0809371598892168,exact
glcm_SumEntropy,glcm,original_glcm_SumEntropy,8644,1.0,1.0000000000000002,1.0,2.637110679707562e-15,2.6645352591003757e-15,6.217248937900877e-15,2.637110679707562e-15,8.121373443869634e-16,1.0453214847091138e-15,4.22889987470601e-15,1.2283723248757846e-15,4.96154903242831e-15,1.0,1.0,1.0000000000000007,4.585472308180819e-16,2.1389335337259747,0.421205200508421,exact
glcm_SumSquares,glcm,original_glcm_SumSquares,8644,1.0,0.9999999999999998,1.0,6.030632507843388e-17,0.0,8.881784197001252e-16,1.9181498129785195e-18,1.074014525472565e-16,-2.0858869717964424e-16,2.1242499680560126e-16,0.0,3.2925807401118315e-15,1.0,1.0,1.0000000000000004,0.0,0.5609957756951558,0.2797705114149059,exact
gldm_DependenceEntropy,gldm,original_gldm_DependenceEntropy,8644,1.0,1.0000000000000002,1.0,9.103160921346916e-15,8.881784197001252e-15,2.220446049250313e-14,9.103160921346916e-15,2.460462807490255e-15,4.2806538186660164e-15,1.3925668024027816e-14,2.258257308901087e-15,4.256602127046402e-15,1.0,1.0,1.0000000000000038,-5.196868615938257e-15,3.9727558136803753,0.4968647716104392,exact
gldm_DependenceNonUniformity,gldm,original_gldm_DependenceNonUniformity,8644,0.9999999999999998,1.0,1.0,0.0,0.0,0.0,0.0,0.0,0.0,0.0,0.0,0.0,1.0,1.0,1.0000000000000013,0.0,93.14766154955727,75.01913388167233,exact
gldm_DependenceNonUniformityNormalized,gldm,original_gldm_DependenceNonUniformityNormalized,8644,0.9999999999999999,1.0,1.0,0.0,0.0,0.0,0.0,0.0,0.0,0.0,0.0,0.0,1.0,1.0,1.0000000000000004,1.9106134617420103e-17,0.17673098132911666,0.05118121842981175,exact
gldm_DependenceVariance,gldm,original_gldm_DependenceVariance,8644,1.0,1.0,1.0,5.795919043178484e-16,4.440892098500626e-16,4.440892098500626e-15,2.5610651447276284e-17,8.373735816492823e-16,-1.615641568585317e-15,1.6668628714798696e-15,1.3338124948500309e-16,8.065288112167753e-16,1.0,1.0,1.0000000000000002,6.11396307757444e-16,4.319641810660687,0.9186621444308658,exact
gldm_GrayLevelNonUniformity,gldm,original_gldm_GrayLevelNonUniformity,8644,1.0,1.0,1.0,0.0,0.0,0.0,0.0,0.0,0.0,0.0,0.0,0.0,1.0,1.0,1.0,1.956468184823814e-14,206.7252544220469,134.29367315142358,exact
gldm_GrayLevelVariance,gldm,original_gldm_GrayLevelVariance,8644,1.0,1.0,1.0,8.222155795946342e-17,5.551115123125783e-17,1.3322676295501878e-15,-8.830151890673243e-20,1.3662880271565328e-16,-2.6788075484158715e-16,2.677041518037737e-16,1.3001318722235235e-16,1.3239154892043612e-15,1.0,1.0,1.0000000000000016,1.5284907693936082e-16,0.6131884219343366,0.30604695074838556,exact
gldm_HighGrayLevelEmphasis,gldm,original_gldm_HighGrayLevelEmphasis,8644,1.0,1.0,1.0,0.0,0.0,0.0,0.0,0.0,0.0,0.0,0.0,0.0,1.0,1.0,1.0000000000000016,-6.113963077574436e-16,6.352700943025226,2.7650275294075977,exact
gldm_LargeDependenceEmphasis,gldm,original_gldm_LargeDependenceEmphasis,8644,0.9999999999999999,1.0,1.0,0.0,0.0,0.0,0.0,0.0,0.0,0.0,0.0,0.0,1.0,1.0,0.9999999999999991,4.891170462059549e-15,45.61679858956897,7.621835724216955,exact
gldm_LargeDependenceHighGrayLevelEmphasis,gldm,original_gldm_LargeDependenceHighGrayLevelEmphasis,8644,0.9999999999999999,1.0,1.0,0.0,0.0,0.0,0.0,0.0,0.0,0.0,0.0,0.0,1.0,1.0,0.9999999999999997,-3.91293636964763e-14,246.0202113711377,120.42267909655648,exact
gldm_LargeDependenceLowGrayLevelEmphasis,gldm,original_gldm_LargeDependenceLowGrayLevelEmphasis,8644,0.9999999999999999,1.0,1.0,1.314106415334316e-15,0.0,2.1316282072803006e-14,1.4120536710699874e-16,2.741118282877696e-15,-5.2313864673332855e-15,5.513797201547282e-15,0.0,9.077034266596177e-16,1.0,1.0,0.9999999999999997,0.0,16.30406008120817,10.83901070797942,exact
gldm_LowGrayLevelEmphasis,gldm,original_gldm_LowGrayLevelEmphasis,8644,1.0,1.0000000000000002,1.0,3.0947274153566806e-17,0.0,3.3306690738754696e-16,6.129730894289171e-18,6.014806231666782e-17,-1.1176047124637975e-16,1.240199330349581e-16,0.0,1.512265498320911e-15,1.0,1.0,0.9999999999999998,3.821226923484009e-17,0.3215948457637695,0.1689548395063152,exact
gldm_SmallDependenceEmphasis,gldm,original_gldm_SmallDependenceEmphasis,8644,1.0,1.0,1.0,5.1483799228029855e-18,0.0,1.1102230246251565e-16,-4.651884564222859e-19,2.2738273318078345e-17,-4.503220415985584e-17,4.410182724701127e-17,0.0,4.733749509926578e-15,1.0,1.0,1.0000000000000004,4.776533654355032e-18,0.05204488771095442,0.01950910671431573,exact
gldm_SmallDependenceHighGrayLevelEmphasis,gldm,original_gldm_SmallDependenceHighGrayLevelEmphasis,8644,1.0,1.0000000000000002,1.0,4.7011728665944345e-17,0.0,1.3322676295501878e-15,-3.1756437163184863e-18,9.562192144924942e-17,-1.9059460975684732e-16,1.8424332232421036e-16,0.0,1.6272568385437873e-15,1.0,1.0,0.9999999999999999,1.1463680770452048e-16,0.511788226954976,0.35538928629230665,exact
gldm_SmallDependenceLowGrayLevelEmphasis,gldm,original_gldm_SmallDependenceLowGrayLevelEmphasis,8644,1.0,1.0,1.0,1.4333945427075826e-18,0.0,1.0408340855860843e-16,-3.938448428510509e-19,1.1962826511236972e-17,-2.3840984804875515e-17,2.3053295119173415e-17,0.0,2.074238638041737e-14,1.0,1.0,0.9999999999999998,0.0,0.012409363107848122,0.005421513948019656,exact
glrlm_GrayLevelNonUniformity,glrlm,original_glrlm_GrayLevelNonUniformity,8644,1.0,1.0,1.0,0.0,0.0,0.0,0.0,0.0,0.0,0.0,0.0,0.0,1.0,1.0,1.0,1.956468184823816e-14,198.73636911531,108.94615520250098,exact
glrlm_GrayLevelNonUniformityNormalized,glrlm,original_glrlm_GrayLevelNonUniformityNormalized,8644,1.0,1.0,1.0,0.0,0.0,0.0,0.0,0.0,0.0,0.0,0.0,0.0,1.0,1.0,0.9999999999999998,1.9106134617420115e-17,0.3320030336061586,0.06695338739282465,exact
glrlm_GrayLevelVariance,glrlm,original_glrlm_GrayLevelVariance,8644,1.0,0.9999999999999998,1.0,1.3426807868525346e-16,1.1102230246251565e-16,1.3322676295501878e-15,3.4838962914110796e-19,2.0348998650356206e-16,-3.9849198391784054e-16,3.9918876317612273e-16,1.6129577140135672e-16,1.324280699415984e-15,1.0,1.0,1.0000000000000004,0.0,0.8043594838425088,0.3582675528444379,exact
glrlm_HighGrayLevelRunEmphasis,glrlm,original_glrlm_HighGrayLevelRunEmphasis,8644,1.0,1.0,1.0,0.0,0.0,0.0,0.0,0.0,0.0,0.0,0.0,0.0,1.0,1.0,0.9999999999999988,0.0,7.632648801577818,2.803176061961744,exact
glrlm_LongRunEmphasis,glrlm,original_glrlm_LongRunEmphasis,8644,1.0,1.0,1.0,0.0,0.0,0.0,0.0,0.0,0.0,0.0,0.0,0.0,1.0,1.0,0.9999999999999992,2.4455852310297704e-15,21.558613486787813,15.593472963433282,exact
glrlm_LongRunHighGrayLevelEmphasis,glrlm,original_glrlm_LongRunHighGrayLevelEmphasis,8644,1.0,1.0,1.0,0.0,0.0,0.0,0.0,0.0,0.0,0.0,0.0,0.0,1.0,1.0,0.9999999999999989,-9.782340924119094e-15,107.25845126151117,72.68909098557167,exact
glrlm_LongRunLowGrayLevelEmphasis,glrlm,original_glrlm_LongRunLowGrayLevelEmphasis,8644,0.9999999999999998,1.0,1.0,7.313420782644729e-16,0.0,3.552713678800501e-14,-3.8133412310412885e-17,1.8094115515821186e-15,-3.5845800534113654e-15,3.5083132287905396e-15,0.0,9.430249905625197e-16,1.0,1.0,1.0000000000000002,1.2227926155148846e-15,8.128066040785782,10.22417976857825,exact
glrlm_LowGrayLevelRunEmphasis,glrlm,original_glrlm_LowGrayLevelRunEmphasis,8644,1.0,1.0,1.0,3.335228643215381e-17,0.0,2.7755575615628914e-16,1.3816779485660714e-17,5.951272374274898e-17,-1.0282815905012729e-16,1.3046171802144873e-16,0.0,1.331605067082856e-15,1.0,1.0,0.9999999999999998,0.0,0.27475758552954627,0.11477207187011108,exact
glrlm_RunEntropy,glrlm,original_glrlm_RunEntropy,8644,1.0,0.9999999999999999,1.0,1.2622198006318551e-14,1.2434497875801753e-14,3.2862601528904634e-14,1.2622198006318551e-14,3.59740747061113e-15,5.5712793639207375e-15,1.9673116648716364e-14,2.918670249276082e-15,6.511760793231222e-15,1.0,1.0,1.0000000000000082,-2.1398870771510503e-14,4.258300284299877,0.3514176154271094,exact
glrlm_RunLengthNonUniformity,glrlm,original_glrlm_RunLengthNonUniformity,8644,1.0,1.0,1.0,0.0,0.0,0.0,0.0,0.0,0.0,0.0,0.0,0.0,1.0,1.0,1.0,1.9564681848238176e-14,135.33059035557216,80.75506105528042,exact
glrlm_RunLengthNonUniformityNormalized,glrlm,original_glrlm_RunLengthNonUniformityNormalized,8644,1.0,1.0,1.0,0.0,0.0,0.0,0.0,0.0,0.0,0.0,0.0,0.0,1.0,1.0,0.9999999999999993,3.8212269234840205e-17,0.22550435578841818,0.06872999166706796,exact
glrlm_RunPercentage,glrlm,original_glrlm_RunPercentage,8644,1.0,1.0,1.0,0.0,0.0,0.0,0.0,0.0,0.0,0.0,0.0,0.0,1.0,1.0,1.000000000000001,-5.731840385226028e-17,0.32542266562515365,0.07709838535570777,exact
glrlm_RunVariance,glrlm,original_glrlm_RunVariance,8644,1.0,1.0000000000000002,1.0,1.7115981109162148e-15,8.881784197001252e-16,4.263256414560601e-14,2.5495056731616563e-17,3.1286335980983544e-15,-6.106626795541158e-15,6.15761690900439e-15,1.5156887977609674e-16,1.050738264120564e-15,1.0,1.0,1.0000000000000002,1.2227926155148858e-15,9.988312197177772,8.176693358415859,exact
glrlm_ShortRunEmphasis,glrlm,original_glrlm_ShortRunEmphasis,8644,1.0,0.9999999999999998,1.0,5.921660406101671e-17,0.0,4.440892098500626e-16,-1.2651199436091847e-17,9.07044347987742e-17,-1.9043189164168928e-16,1.6512949276950558e-16,0.0,8.96874974853733e-16,1.0,1.0,1.0000000000000004,-7.642453846968032e-17,0.45023332489654944,0.09604989174496269,exact
glrlm_ShortRunHighGrayLevelEmphasis,glrlm,original_glrlm_ShortRunHighGrayLevelEmphasis,8644,1.0,1.0,1.0,4.0402921894532105e-16,0.0,5.329070518200751e-15,-2.3208850133013165e-17,7.137947720642363e-16,-1.4222466033789165e-15,1.37582890311289e-15,0.0,8.604731139460079e-16,1.0,1.0,0.9999999999999993,9.170944616361644e-16,4.227019429508737,1.9550361120393405,exact
glrlm_ShortRunLowGrayLevelEmphasis,glrlm,original_glrlm_ShortRunLowGrayLevelEmphasis,8644,1.0,0.9999999999999999,1.0,1.644495378475746e-17,0.0,1.942890293094024e-16,-2.4306999931780527e-18,4.067795305376407e-17,-8.215948797855562e-17,7.729808799219952e-17,0.0,2.794233896804065e-15,1.0,1.0,0.9999999999999989,0.0,0.09869571283061584,0.038396704126198535,exact
glszm_GrayLevelNonUniformity,glszm,original_glszm_GrayLevelNonUniformity,8644,1.0,1.0,1.0,0.0,0.0,0.0,0.0,0.0,0.0,0.0,0.0,0.0,1.0,1.0,0.9999999999999991,-6.113963077574441e-16,5.183529470129076,2.419881880349933,exact
glszm_GrayLevelNonUniformityNormalized,glszm,original_glszm_GrayLevelNonUniformityNormalized,8644,1.0,1.0,1.0,0.0,0.0,0.0,0.0,0.0,0.0,0.0,0.0,0.0,1.0,1.0,1.0000000000000016,5.731840385225987e-17,0.31413633210107506,0.09161811981098329,exact
glszm_GrayLevelVariance,glszm,original_glszm_GrayLevelVariance,8644,0.9999999999999998,0.9999999999999998,1.0,1.3724945905997713e-16,0.0,2.6645352591003757e-15,2.1192364537615782e-17,2.5352743596046287e-16,-4.757214099448914e-16,5.18106139020123e-16,0.0,9.440386976686864e-16,1.0,1.0,1.0000000000000007,1.5284907693936072e-16,1.2875738529531422,0.527361742913355,exact
glszm_HighGrayLevelZoneEmphasis,glszm,original_glszm_HighGrayLevelZoneEmphasis,8644,1.0,1.0,1.0,0.0,0.0,0.0,0.0,0.0,0.0,0.0,0.0,0.0,1.0,1.0,1.0,-1.2227926155148885e-15,10.704223332475058,3.941018758585374,exact
glszm_LargeAreaEmphasis,glszm,original_glszm_LargeAreaEmphasis,8644,1.0,1.0,1.0,0.0,0.0,0.0,0.0,0.0,0.0,0.0,0.0,0.0,1.0,1.0,0.9999999999999992,2.5042792765744816e-12,7239.953245421798,10649.361178007022,exact
glszm_LargeAreaHighGrayLevelEmphasis,glszm,original_glszm_LargeAreaHighGrayLevelEmphasis,8644,1.0,1.0,1.0,0.0,0.0,0.0,0.0,0.0,0.0,0.0,0.0,0.0,1.0,1.0,1.0000000000000009,-1.0017117106297922e-11,37051.93147101112,51499.96623227373,exact
glszm_LargeAreaLowGrayLevelEmphasis,glszm,original_glszm_LargeAreaLowGrayLevelEmphasis,8644,0.9999999999999998,1.0,1.0,7.418100788374715e-14,0.0,1.4551915228366852e-11,6.709862240613432e-15,3.811823076335246e-13,-7.404074607210948e-13,7.538271852023217e-13,0.0,6.206870199189348e-16,1.0,1.0,1.0000000000000004,-6.260698191436215e-13,2379.5256839423137,5280.43229049238,exact
glszm_LowGrayLevelZoneEmphasis,glszm,original_glszm_LowGrayLevelZoneEmphasis,8644,1.0,0.9999999999999999,1.0,1.837313786124811e-17,0.0,2.7755575615628914e-16,-6.99669126173709e-18,4.400631376358709e-17,-9.324906623836778e-17,7.925568371489361e-17,0.0,1.21330287782334e-15,1.0,1.0,0.9999999999999996,1.9106134617420078e-17,0.2557124554796107,0.11023662267280197,exact
glszm_SizeZoneNonUniformity,glszm,original_glszm_SizeZoneNonUniformity,8644,1.0,1.0,1.0,0.0,0.0,0.0,0.0,0.0,0.0,0.0,0.0,0.0,1.0,1.0,1.000000000000001,3.056981538787198e-16,3.052401773201585,2.064006468002937,exact
glszm_SizeZoneNonUniformityNormalized,glszm,original_glszm_SizeZoneNonUniformityNormalized,8644,0.9999999999999998,1.0,1.0,0.0,0.0,0.0,0.0,0.0,0.0,0.0,0.0,0.0,1.0,1.0,0.9999999999999974,-1.9106134617419915e-17,0.17844124797187522,0.06747900330908975,exact
glszm_SmallAreaEmphasis,glszm,original_glszm_SmallAreaEmphasis,8644,1.0,1.0,1.0,2.4216290189630885e-17,0.0,3.3306690738754696e-16,-7.862848888104037e-18,5.194468435485992e-17,-1.0967443022362948e-16,9.39487324474214e-17,0.0,1.8932239329150238e-15,1.0,1.0,0.9999999999999996,0.0,0.3207885446509737,0.12590669779574706,exact
glszm_SmallAreaHighGrayLevelEmphasis,glszm,original_glszm_SmallAreaHighGrayLevelEmphasis,8644,1.0,1.0,1.0,4.0440650725337707e-16,0.0,1.0658141036401503e-14,-7.455698611835904e-17,8.130507598800225e-16,-1.668136475483203e-15,1.519022503246485e-15,0.0,8.45974203974507e-16,1.0,1.0,0.9999999999999997,9.17094461636165e-16,4.300752434111076,2.675710198271371,exact
glszm_SmallAreaLowGrayLevelEmphasis,glszm,original_glszm_SmallAreaLowGrayLevelEmphasis,8644,0.9999999999999999,1.0,1.0,5.906368188509187e-18,0.0,1.1102230246251565e-16,-1.2653206288794271e-18,2.4389089518987895e-17,-4.90679360860957e-17,4.653729482833685e-17,0.0,9.554067979811428e-15,1.0,1.0,0.9999999999999989,-1.910613461742009e-17,0.06050291534073359,0.04839759968234655,exact
glszm_ZoneEntropy,glszm,original_glszm_ZoneEntropy,8644,1.0,0.9999999999999999,1.0,4.505917603920999e-15,3.9968028886505635e-15,2.042810365310288e-14,4.505917603920999e-15,2.1167355350947463e-15,3.5711595513529646e-16,8.654719252706702e-15,1.1985569584335398e-15,3.770273930151199e-15,1.0,1.0,1.000000000000008,-4.2797741543021245e-15,3.48969086531749,0.6487911492041069,exact
glszm_ZonePercentage,glszm,original_glszm_ZonePercentage,8644,0.9999999999999999,1.0,1.0,0.0,0.0,0.0,0.0,0.0,0.0,0.0,0.0,0.0,1.0,1.0,0.9999999999999998,4.7765336543550095e-18,0.04203119808555875,0.024443221306665472,exact
glszm_ZoneVariance,glszm,original_glszm_ZoneVariance,8644,1.0,0.9999999999999998,1.0,5.017428192290723e-13,0.0,2.9103830456733704e-11,6.740487133948881e-14,1.4310424934545386e-12,-2.7374384158314065e-12,2.8722481585103845e-12,0.0,8.456723288715607e-16,1.0,1.0,0.9999999999999992,0.0,5763.998050001929,8355.687900649262,exact
ngtdm_Busyness,ngtdm,original_ngtdm_Busyness,8644,0.9999999999999999,1.0,1.0,3.8590653630133564e-16,0.0,7.105427357601002e-15,1.0313617408306348e-17,7.370154018170139e-16,-1.434236570153041e-15,1.4548638049696536e-15,0.0,1.104734667702617e-15,1.0,1.0,0.9999999999999983,-2.4455852310297692e-15,5.285381624271487,22.33443649669769,exact
ngtdm_Coarseness,ngtdm,original_ngtdm_Coarseness,8644,0.9999999999999998,1.0,1.0,0.0,0.0,0.0,0.0,0.0,0.0,0.0,0.0,0.0,1.0,1.0,0.9999999999999996,-2.5042792765744925e-12,347.09782116730145,18626.35414368399,exact
ngtdm_Complexity,ngtdm,original_ngtdm_Complexity,8644,1.0,1.0,1.0,2.8357952522789023e-16,0.0,5.329070518200751e-15,1.2214508288044005e-17,5.809986863113881e-16,-1.1265429168822766e-15,1.1509719334583647e-15,0.0,8.558366465245662e-16,1.0,1.0,1.0000000000000009,3.05698153878722e-16,2.4554146880439345,1.654711651520057,exact
ngtdm_Contrast,ngtdm,original_ngtdm_Contrast,8644,0.9999999999999998,1.0000000000000002,1.0,6.268768701810759e-12,4.708298854960713e-12,9.119749400099408e-11,-4.666637814003138e-12,8.593846858990867e-12,-2.1510577657625236e-11,1.2177302029618961e-11,3.9999642348413907e-10,2.400008003413355e-09,1.0,1.0,0.9999999998576699,-2.044248932056729e-12,0.01842489737437988,0.008449262313597498,exact
ngtdm_Strength,ngtdm,original_ngtdm_Strength,8644,1.0,1.0,1.0,3.4701694189264874e-17,0.0,2.6645352591003757e-15,-1.5950465278879758e-18,8.698775421238564e-17,-1.7209104478416382e-16,1.6890095172838785e-16,0.0,2.7822759979899318e-15,1.0,1.0,1.0000000000000004,3.821226923484024e-17,0.30704588645100833,0.281897414076719,exact
shape2D_Elongation,shape2D,original_shape2D_Elongation,8644,1.0,1.0,1.0,2.7630669103429935e-16,2.220446049250313e-16,8.548717289613705e-14,1.4722271424995208e-17,1.1650975075139131e-15,-2.2688688433022746e-15,2.298313386152265e-15,3.032751755543483e-16,8.56885360643252e-14,1.0,1.0,0.9999999999999998,-1.5284907693936065e-16,0.6406337026200484,0.16852776267916214,exact
shape2D_MajorAxisLength,shape2D,original_shape2D_MajorAxisLength,8644,0.9999999999999999,1.0,1.0,6.2231057368276356e-15,3.552713678800501e-15,1.4779288903810084e-12,-1.3491187703219162e-16,1.9631579142953013e-14,-3.86128069972201e-14,3.834298324315571e-14,1.5146713337404294e-16,4.2368548489755095e-14,1.0,1.0,1.0000000000000002,-4.89117046205954e-15,31.656664966688908,10.729473924174298,exact
shape2D_MaximumDiameter,shape2D,original_shape2D_MaximumDiameter,8644,0.9996780990517181,0.9996473869832425,0.9996474277616662,0.1553727196647069,0.0,4.0,0.07820780756555608,0.267992602304768,-0.44705769295178927,0.6034733080829014,0.0,0.375,0.5524062933826932,0.5609671448403517,0.9972137353378212,0.16783583806275756,32.1678093663253,10.524765084812849,discrepant
shape2D_MeshSurface,shape2D,original_shape2D_MeshSurface,8644,0.9999654495042841,0.9999642942189206,0.9999642983494748,1.949845311960086,1.5,15.0,0.46849542614254647,2.5622083204441526,-4.553432881927993,5.490423734213085,0.0034246600445821543,0.15789473684210525,0.09382230448866266,0.16531698287829708,0.9999557133858896,0.4908068138100036,503.7952915316983,308.2116082803434,discrepant
shape2D_MinorAxisLength,shape2D,original_shape2D_MinorAxisLength,8644,1.0,1.0000000000000002,1.0,6.246430181676309e-15,3.552713678800501e-15,1.4992451724538114e-12,1.8371853475518555e-16,1.9877830546621202e-14,-3.877682933662237e-14,3.914426640613274e-14,2.0983118647076959e-16,4.308087091109494e-14,1.0,1.0,1.0000000000000009,-2.4455852310297755e-15,19.495141001867342,6.511435771722128,exact
shape2D_Perimeter,shape2D,original_shape2D_Perimeter,8644,0.9960918381802825,0.9956474996913697,0.9956480010285095,1.6373761393895339,1.1715728752538297,31.65814247335581,-0.7785404150634364,2.39631477312943,-5.47531737039712,3.9182365402702466,0.016050840553681823,0.3271960380688463,0.22292919944470152,0.22674687644608976,0.9883434166805815,0.2430769431674247,87.64295078893167,27.103512689477935,discrepant
shape2D_PerimeterSurfaceRatio,shape2D,original_shape2D_PerimeterSurfaceRatio,8644,0.9960828818696377,0.9953934397981843,0.9953939702635067,0.00443053011124074,0.003557251972996986,0.2717571272736332,-0.0015502553577271619,0.008262194285104264,-0.017744156156531517,0.014643645441077194,0.01705595094832811,0.28168411767963636,0.02961591855622397,0.25983341045812125,1.029229406683987,-0.007706024055811995,0.21060190391948594,0.08612365025761294,discrepant
shape2D_PixelSurface,shape2D,original_shape2D_PixelSurface,8644,0.9999999999999998,1.0,1.0,0.0,0.0,0.0,0.0,0.0,0.0,0.0,0.0,0.0,1.0,1.0,0.9999999999999978,-3.9129363696476295e-14,504.29615918556226,308.21114684630606,exact
shape2D_SphericalDisproportion,shape2D,original_shape2D_SphericalDisproportion,8644,0.9582253318206662,0.9498419338412121,0.9498474454690466,0.02241347140665256,0.018968290395648957,0.44444125017629377,-0.009730509928269375,0.03234269710468561,-0.07312219625345318,0.05366117639691442,0.016617360201680677,0.2799174950375134,0.02950023137436372,0.09775566867191116,1.0549304552797145,-0.07299750419720931,1.1517653357645434,0.10118061316805796,discrepant
shape2D_Sphericity,shape2D,original_shape2D_Sphericity,8644,0.9549643359945241,0.9417595445095042,0.9417658898212083,0.016943782480628937,0.014311677871055584,0.17784860927978408,0.008710525893342591,0.021850322230695177,-0.03411610567881995,0.051537157465505135,0.016648425229050304,0.21869963972115983,0.02950023137436372,0.10735770476631189,1.0647054793683501,-0.04783244338686673,0.8738513311728685,0.064817221735236,discrepant
shape_Compactness1,shape,original_shape_Compactness1,8644,-0.7644369608786772,-0.0025227357090277036,-0.002523028327405875,0.31372689117860736,0.31730094792687585,0.6315240930288962,0.31372689117860736,0.06565608364110072,0.18504096724204996,0.4424128151151647,36.428163525747,204.43682084127673,0.0,0.0,-18.285103553396183,0.4873669548208231,0.009003843985667236,0.00265878861245423,discrepant
shape_Compactness2,shape,original_shape_Compactness2,8644,-0.6623476103869668,-0.00024140597483870486,-0.00024143391239030135,38.412681847921846,37.792990153720844,143.09028125289663,38.412681847921846,14.455721826586696,10.079467067811922,66.74589662803177,1399.8674249253104,42203.28735737068,0.0,0.0,-450.0657832741107,52.53828861504253,0.031316068056832874,0.02125207053694895,discrepant
shape_Elongation,shape,original_shape_Elongation,8644,1.0,1.0,1.0,2.763082965164613e-16,2.220446049250313e-16,8.548717289613705e-14,1.5761018383770768e-17,1.1652196734360202e-15,-2.268069541550829e-15,2.2995915783183703e-15,3.032167497994263e-16,8.56885360643252e-14,1.0,1.0,0.9999999999999997,-1.1463680770452046e-16,0.6406337026200484,0.16852776267916214,exact
shape_LeastAxisLength,shape,original_shape_LeastAxisLength,8644,,0.0,-8.409599512404124e-18,19.495141001867342,18.847819101099745,59.90717729465966,19.495141001867342,6.511812449232161,6.731988601372308,32.258293402362376,,,0.0,0.0,,,0.0,0.0,discrepant
shape_MajorAxisLength,shape,original_shape_MajorAxisLength,8644,0.9999999999999999,1.0,1.0,6.193307987902019e-15,3.552713678800501e-15,1.4779288903810084e-12,-1.3922741308348794e-16,1.962249951392343e-14,-3.859932646037341e-14,3.832087163420644e-14,1.5100197267821147e-16,4.2368548489755095e-14,1.0,1.0,1.0000000000000002,-4.89117046205954e-15,31.656664966688908,10.729473924174298,exact
shape_Maximum2DDiameterColumn,shape,original_shape_Maximum2DDiameterColumn,8644,0.9509349515264294,0.9339557907204765,0.9339629266347507,1.6115814449057873,1.0,44.0,1.6115814449057873,2.90475803401716,-4.081744301767847,7.304907191579421,0.02564102564102564,1.5555555555555556,0.48507635354002776,0.48507635354002776,1.0184219588241818,1.166095686352218,24.182322998611752,8.752461536185663,discrepant
shape_Maximum2DDiameterRow,shape,original_shape_Maximum2DDiameterRow,8644,0.9505315669308476,0.9330802890162507,0.9330875127490913,1.6872397038408145,1.0,32.0,1.6872397038408145,3.0332951749064967,-4.25801883897592,7.632498246657548,0.022727272727272728,1.6111111111111112,0.49363720499768626,0.49363720499768626,1.02149269260383,1.1514639747486428,24.928273947246645,9.067383167775338,discrepant
shape_Maximum2DDiameterSlice,shape,original_shape_Maximum2DDiameterSlice,8644,0.9996780990517181,0.9996473869832425,0.9996474277616662,0.1553727196647069,0.0,4.0,0.07820780756555608,0.267992602304768,-0.44705769295178927,0.6034733080829014,0.0,0.375,0.5524062933826932,0.5609671448403517,0.9972137353378212,0.16783583806275756,32.1678093663253,10.524765084812849,discrepant
shape_Maximum3DDiameter,shape,original_shape_Maximum3DDiameter,8644,0.9996780990517181,0.9996473869832425,0.9996474277616662,0.1553727196647069,0.0,4.0,0.07820780756555608,0.267992602304768,-0.44705769295178927,0.6034733080829014,0.0,0.375,0.5524062933826932,0.5609671448403517,0.9972137353378212,0.16783583806275756,32.1678093663253,10.524765084812849,discrepant
shape_MeshVolume,shape,original_shape_MeshVolume,8644,0.999942410666579,0.9978381032482477,0.9978383528113419,19.08763394226163,18.333333333333314,60.13330920537328,19.08763394226163,6.327308745232317,6.686108801606288,31.48915908291697,0.04363936137147878,0.9411764705882352,0.0,0.0,1.0178121062685102,10.445624745800377,485.1761530155793,302.7973984251205,discrepant
shape_MinorAxisLength,shape,original_shape_MinorAxisLength,8644,1.0,1.0000000000000002,1.0,6.213215966710082e-15,3.552713678800501e-15,1.4992451724538114e-12,2.1385022397048655e-16,1.985438976070453e-14,-3.870075370701039e-14,3.912845415495136e-14,2.097327857643261e-16,4.308087091109494e-14,1.0,1.0,1.0000000000000007,-2.4455852310297747e-15,19.495141001867342,6.511435771722128,exact
shape_SphericalDisproportion,shape,original_shape_SphericalDisproportion,8644,-0.057506987575395525,-0.0014209548555530985,-0.0014211194944750425,2.2610228147843685,2.2255849093341036,5.621994862632911,-2.2608787187384936,0.6259130680320756,-3.4876683320813617,-1.0340891053956254,0.6654326278873575,0.8445883044928187,0.0,0.0,-0.010509737225156891,1.1777985529896815,3.402913544574767,0.6095119858999016,discrepant
shape_Sphericity,shape,original_shape_Sphericity,8644,-0.07638063325173465,-0.0018625837774284017,-0.0018627996808644452,0.5787563182758906,0.5965155056457272,0.816424414509922,0.5787150785625116,0.09603078170590883,0.3904947464189303,0.7669354107060928,1.988934622275095,5.4345221685956835,0.0,0.0,-0.09524217435295039,0.9115008849210465,0.3038467785036994,0.05795443833859115,discrepant
shape_SurfaceArea,shape,original_shape_SurfaceArea,8644,0.9346338496361121,0.023955947511328093,0.02395865282143826,960.7095651567456,816.9611597481374,7672.351383498962,-960.7095651567456,603.2881127901792,-2143.154266225497,221.7351359120055,0.9080175951912224,0.9710390818608241,0.0,0.0,0.040003692027569634,44.95758368064475,1047.5739755306138,628.3122153639126,discrepant
shape_SurfaceVolumeRatio,shape,original_shape_SurfaceVolumeRatio,8644,0.9926955368346757,0.004016173680392721,0.004016636487539628,1.9863249495301616,1.9872288341124031,2.4872822543818867,-1.9863249495301616,0.010872462316511887,-2.0076349756705247,-1.9650149233897982,0.9118734764113883,0.9713967388482455,0.0,0.0,0.9809945745568391,-1.9446008832754633,2.19537659809192,0.09005101286835793,discrepant
shape_VoxelVolume,shape,original_shape_VoxelVolume,8644,0.9999999999999998,1.0,1.0,0.0,0.0,0.0,0.0,0.0,0.0,0.0,0.0,0.0,1.0,1.0,0.9999999999999978,-3.9129363696476295e-14,504.29615918556226,308.21114684630606,exact
