feature,cls,pyradiomics,mapping,dimensionality,default_on,breast_n,breast_r,breast_ccc,breast_icc,breast_max_rel_err,breast_median_rel_err,breast_status,puma_n,puma_r,puma_ccc,puma_icc,puma_max_rel_err,puma_median_rel_err,puma_status,default_agg_max_rel_err,notes
firstorder_10Percentile,firstorder,original_firstorder_10Percentile,direct,2D,yes,410,1.0,1.0,1.0,0.0,0.0,exact,8644,1.0,1.0,1.0,0.0,0.0,exact,0.0,
firstorder_90Percentile,firstorder,original_firstorder_90Percentile,direct,2D,yes,410,1.0,1.0,1.0,0.0,0.0,exact,8644,1.0,1.0,1.0,0.0,0.0,exact,0.0,
firstorder_Energy,firstorder,original_firstorder_Energy,direct,2D,yes,410,1.0,1.0,1.0,0.0,0.0,exact,8644,1.0,1.0,1.0,0.0,0.0,exact,0.0,
firstorder_Entropy,firstorder,original_firstorder_Entropy,direct,2D,yes,410,1.0,1.0,1.0,5.778207572631915e-15,9.178747934740523e-16,exact,8644,0.9999999999999998,1.0000000000000002,1.0,5.674436959484807e-15,1.0112965401522907e-15,exact,5.778207572631915e-15,
firstorder_InterquartileRange,firstorder,original_firstorder_InterquartileRange,direct,2D,yes,410,1.0,1.0,1.0,0.0,0.0,exact,8644,1.0,1.0,1.0,0.0,0.0,exact,0.0,
firstorder_Kurtosis,firstorder,original_firstorder_Kurtosis,direct,2D,yes,410,1.0,1.0,1.0,7.291171653952586e-15,8.042044981833437e-16,exact,8644,1.0,0.9999999999999999,1.0,5.605909750144294e-14,1.4461717699732626e-15,exact,7.291171653952586e-15,
firstorder_Maximum,firstorder,original_firstorder_Maximum,direct,2D,yes,410,1.0,1.0,1.0,0.0,0.0,exact,8644,1.0,1.0,1.0,0.0,0.0,exact,0.0,
firstorder_Mean,firstorder,original_firstorder_Mean,direct,2D,yes,410,1.0,1.0,1.0,0.0,0.0,exact,8644,1.0,1.0,1.0,0.0,0.0,exact,0.0,
firstorder_MeanAbsoluteDeviation,firstorder,original_firstorder_MeanAbsoluteDeviation,direct,2D,yes,410,0.9999999999999998,1.0,1.0,8.31788494188579e-15,6.706690500207285e-16,exact,8644,0.9999999999999999,1.0,1.0,3.5553548827516644e-14,1.3093415188088518e-15,exact,8.31788494188579e-15,
firstorder_Median,firstorder,original_firstorder_Median,direct,2D,yes,410,0.9999999999999998,1.0,1.0,0.0,0.0,exact,8644,1.0,1.0,1.0,0.0,0.0,exact,0.0,
firstorder_Minimum,firstorder,original_firstorder_Minimum,direct,2D,yes,410,0.9999999999999998,1.0,1.0,0.0,0.0,exact,8644,1.0,1.0,1.0,0.0,0.0,exact,0.0,
firstorder_Range,firstorder,original_firstorder_Range,direct,2D,yes,410,1.0,1.0,1.0,0.0,0.0,exact,8644,0.9999999999999999,1.0,1.0,0.0,0.0,exact,0.0,
firstorder_RobustMeanAbsoluteDeviation,firstorder,original_firstorder_RobustMeanAbsoluteDeviation,direct,2D,yes,410,1.0,1.0000000000000002,1.0,6.815048641775794e-15,4.3251843827818935e-16,exact,8644,0.9999999999999999,1.0000000000000002,1.0,2.1167192304405085e-14,8.788968272123471e-16,exact,6.815048641775794e-15,
firstorder_RootMeanSquared,firstorder,original_firstorder_RootMeanSquared,direct,2D,yes,410,1.0,1.0,1.0,0.0,0.0,exact,8644,1.0,1.0,1.0,0.0,0.0,exact,0.0,
firstorder_Skewness,firstorder,original_firstorder_Skewness,direct,2D,yes,410,0.9999999999999998,1.0,1.0,1.10828877199444e-13,8.692144094581138e-16,exact,8644,1.0,0.9999999999999999,1.0,2.6266746272617214e-12,1.6652700865133826e-15,exact,1.10828877199444e-13,
firstorder_StandardDeviation,firstorder,original_firstorder_StandardDeviation,direct,2D,yes,410,0.9999999999999997,1.0,1.0,1.6447550169645063e-15,1.6588024910879884e-16,exact,8644,1.0,1.0,1.0,1.5077322458501293e-14,2.6886762459236727e-16,exact,1.6447550169645063e-15,optional in PyRadiomics (must be enabled explicitly)
firstorder_TotalEnergy,firstorder,original_firstorder_TotalEnergy,direct,2D,yes,410,1.0,1.0,1.0,0.0,0.0,exact,8644,1.0,1.0,1.0,0.0,0.0,exact,0.0,
firstorder_Uniformity,firstorder,original_firstorder_Uniformity,direct,2D,yes,410,1.0,1.0,1.0,0.0,0.0,exact,8644,1.0,1.0,1.0,4.1138259372115744e-16,0.0,exact,0.0,
firstorder_Variance,firstorder,original_firstorder_Variance,direct,2D,yes,410,0.9999999999999997,1.0,1.0,3.5331348372798753e-15,3.391010152174026e-16,exact,8644,1.0,1.0000000000000002,1.0,3.0217937543392624e-14,5.561252249120741e-16,exact,3.5331348372798753e-15,
glcm_Autocorrelation,glcm,original_glcm_Autocorrelation,direct,2D,yes,410,0.9999999999999998,1.0,1.0,5.895219335436503e-16,0.0,exact,8644,1.0,1.0,1.0,8.607717713208069e-16,1.1494143254185128e-16,exact,0.009465285545878534,
glcm_ClusterProminence,glcm,original_glcm_ClusterProminence,direct,2D,yes,410,1.0,1.0,1.0,2.3528115142058926e-15,1.5675585966792828e-16,exact,8644,0.9999999999999999,1.0000000000000002,1.0,2.6496735264110466e-15,1.7837951246892898e-16,exact,0.07435576360574239,
glcm_ClusterShade,glcm,original_glcm_ClusterShade,direct,2D,yes,410,1.0,0.9999999999999998,1.0,2.958024829092982e-12,1.3437057808563944e-15,exact,8644,0.9999999999999999,1.0,1.0,2.299377762880095e-11,1.2277348778947312e-15,exact,6.370348741497454,
glcm_ClusterTendency,glcm,original_glcm_ClusterTendency,direct,2D,yes,410,1.0,1.0000000000000002,1.0,6.517115081152471e-16,1.2758314601232663e-16,exact,8644,1.0,1.0000000000000002,1.0,1.0235715611316268e-15,1.3581101497540317e-16,exact,0.029233259279575537,
glcm_Contrast,glcm,original_glcm_Contrast,direct,2D,yes,410,1.0,0.9999999999999999,1.0,9.749145934989656e-16,0.0,exact,8644,1.0,1.0,1.0,1.5016922890372581e-15,0.0,exact,0.05879763551905337,
glcm_Correlation,glcm,original_glcm_Correlation,direct,2D,yes,410,1.0,0.9999999999999999,1.0,2.935048037944292e-14,5.476576779452295e-16,exact,8644,1.0,0.9999999999999998,1.0,1.4300155262835106e-14,4.664405094249761e-16,exact,0.2106146973679292,
glcm_DifferenceAverage,glcm,original_glcm_DifferenceAverage,direct,2D,yes,410,1.0,1.0000000000000002,1.0,5.351016787292179e-16,0.0,exact,8644,1.0,1.0,1.0,7.182258008942815e-16,0.0,exact,0.04932164046331119,
glcm_DifferenceEntropy,glcm,original_glcm_DifferenceEntropy,direct,2D,yes,410,0.9999999999999999,1.0,1.0,4.081637226182424e-15,1.0296726654519502e-15,exact,8644,1.0,1.0,1.0,4.156434937285506e-15,1.1339280403354903e-15,exact,0.10414701161523499,
glcm_DifferenceVariance,glcm,original_glcm_DifferenceVariance,direct,2D,yes,410,1.0,1.0,1.0,5.996182137998283e-16,0.0,exact,8644,0.9999999999999998,1.0,1.0,8.649682658028026e-16,0.0,exact,0.13730799230551288,
glcm_Id,glcm,original_glcm_Id,direct,2D,yes,410,1.0,0.9999999999999998,1.0,4.4376158962885267e-16,1.2649401193256212e-16,exact,8644,0.9999999999999998,1.0,1.0,1.2111325735525047e-15,1.281723436263075e-16,exact,0.013238004295868275,
glcm_Idm,glcm,original_glcm_Idm,direct,2D,yes,410,1.0,1.0,1.0,7.76349520333367e-16,1.2704545557905274e-16,exact,8644,1.0,1.0000000000000002,1.0,9.151145396789803e-16,1.2818604291227842e-16,exact,0.013847382111380008,
glcm_Idmn,glcm,original_glcm_Idmn,direct,2D,yes,410,1.0,1.0,1.0,6.801930509629289e-16,0.0,exact,8644,0.9999999999999997,1.0000000000000002,1.0,7.870722865751545e-16,0.0,exact,0.002759762475830802,
glcm_Idn,glcm,original_glcm_Idn,direct,2D,yes,410,1.0,1.0,1.0,5.912814281299479e-16,0.0,exact,8644,1.0,1.0,1.0,9.288852776909085e-16,0.0,exact,0.00603861522888269,
glcm_Imc1,glcm,original_glcm_Imc1,direct,2D,yes,410,1.0,1.0,1.0,1.612812110006482e-13,1.2497638170324542e-14,exact,8644,1.0,0.9999999999999999,1.0,1.700898693036173e-12,2.4836340767516154e-14,exact,0.5714370907027106,
glcm_Imc2,glcm,original_glcm_Imc2,direct,2D,yes,410,0.9999999999999998,1.0,1.0,1.1169753298887916e-12,1.1849204018466877e-15,exact,8644,1.0,0.9999999999999997,1.0,4.409611069552717e-13,1.1047720697566203e-15,exact,0.25373588182499,
glcm_InverseVariance,glcm,original_glcm_InverseVariance,direct,2D,yes,410,1.0,0.9999999999999999,1.0,7.333664441547847e-16,0.0,exact,8644,0.9999999999999998,1.0,1.0,9.936902728758772e-16,0.0,exact,0.04868161186376069,
glcm_JointAverage,glcm,original_glcm_JointAverage,direct,2D,yes,410,1.0,1.0,1.0,4.66331583479434e-16,0.0,exact,8644,1.0,1.0,1.0,9.280791461564638e-16,0.0,exact,0.0024469290965353947,
glcm_JointEnergy,glcm,original_glcm_JointEnergy,direct,2D,yes,410,0.9999999999999999,1.0000000000000002,1.0,8.790499365912797e-16,0.0,exact,8644,1.0,1.0,1.0,1.878147030311626e-15,0.0,exact,0.08785408369189222,
glcm_JointEntropy,glcm,original_glcm_JointEntropy,direct,2D,yes,410,1.0,1.0,1.0,6.1283666989536324e-15,1.7206183105065566e-15,exact,8644,1.0,1.0000000000000002,1.0,7.92458315634811e-15,2.0117142532529734e-15,exact,0.07152143469910228,
glcm_MaximumProbability,glcm,original_glcm_MaximumProbability,direct,2D,yes,410,1.0,1.0,1.0,0.0,0.0,exact,8644,1.0,1.0,1.0,0.0,0.0,exact,0.06697286396064037,
glcm_SumAverage,glcm,original_glcm_SumAverage,direct,2D,yes,410,1.0,1.0,1.0,3.508326097998573e-16,0.0,exact,8644,1.0,1.0,1.0,5.753247211569421e-16,0.0,exact,0.0024469290965353947,
glcm_SumEntropy,glcm,original_glcm_SumEntropy,direct,2D,yes,410,1.0,1.0,1.0,4.081637226182424e-15,1.0800671638492191e-15,exact,8644,1.0,1.0000000000000002,1.0,4.96154903242831e-15,1.2283723248757846e-15,exact,0.08729719066264477,
glcm_SumSquares,glcm,original_glcm_SumSquares,direct,2D,yes,410,0.9999999999999998,1.0,1.0,5.716104631902193e-16,0.0,exact,8644,1.0,0.9999999999999998,1.0,3.2925807401118315e-15,0.0,exact,0.013163805162970792,
gldm_DependenceEntropy,gldm,original_gldm_DependenceEntropy,direct,2D,yes,410,1.0,1.0000000000000002,1.0,3.5435505056691853e-15,1.880075960027086e-15,exact,8644,1.0,1.0000000000000002,1.0,4.256602127046402e-15,2.258257308901087e-15,exact,3.5435505056691853e-15,
gldm_DependenceNonUniformity,gldm,original_gldm_DependenceNonUniformity,direct,2D,yes,410,0.9999999999999998,1.0,1.0,0.0,0.0,exact,8644,0.9999999999999998,1.0,1.0,0.0,0.0,exact,0.0,
gldm_DependenceNonUniformityNormalized,gldm,original_gldm_DependenceNonUniformityNormalized,direct,2D,yes,410,1.0,1.0,1.0,0.0,0.0,exact,8644,0.9999999999999999,1.0,1.0,0.0,0.0,exact,0.0,
gldm_DependenceVariance,gldm,original_gldm_DependenceVariance,direct,2D,yes,410,0.9999999999999998,0.9999999999999998,1.0,5.886356548906158e-16,1.2768510851282338e-16,exact,8644,1.0,1.0,1.0,8.065288112167753e-16,1.3338124948500309e-16,exact,5.886356548906158e-16,
gldm_GrayLevelNonUniformity,gldm,original_gldm_GrayLevelNonUniformity,direct,2D,yes,410,0.9999999999999999,1.0,1.0,0.0,0.0,exact,8644,1.0,1.0,1.0,0.0,0.0,exact,0.0,
gldm_GrayLevelVariance,gldm,original_gldm_GrayLevelVariance,direct,2D,yes,410,1.0,1.0,1.0,7.594188263116455e-16,1.163391991991001e-16,exact,8644,1.0,1.0,1.0,1.3239154892043612e-15,1.3001318722235235e-16,exact,7.594188263116455e-16,
gldm_HighGrayLevelEmphasis,gldm,original_gldm_HighGrayLevelEmphasis,direct,2D,yes,410,1.0,1.0,1.0,0.0,0.0,exact,8644,1.0,1.0,1.0,0.0,0.0,exact,0.0,
gldm_LargeDependenceEmphasis,gldm,original_gldm_LargeDependenceEmphasis,direct,2D,yes,410,1.0,1.0,1.0,0.0,0.0,exact,8644,0.9999999999999999,1.0,1.0,0.0,0.0,exact,0.0,
gldm_LargeDependenceHighGrayLevelEmphasis,gldm,original_gldm_LargeDependenceHighGrayLevelEmphasis,direct,2D,yes,410,1.0,1.0,1.0,0.0,0.0,exact,8644,0.9999999999999999,1.0,1.0,0.0,0.0,exact,0.0,
gldm_LargeDependenceLowGrayLevelEmphasis,gldm,original_gldm_LargeDependenceLowGrayLevelEmphasis,direct,2D,yes,410,1.0,1.0,1.0,5.716023846149382e-16,0.0,exact,8644,0.9999999999999999,1.0,1.0,9.077034266596177e-16,0.0,exact,5.716023846149382e-16,
gldm_LowGrayLevelEmphasis,gldm,original_gldm_LowGrayLevelEmphasis,direct,2D,yes,410,1.0,0.9999999999999998,1.0,1.0551809817141627e-15,0.0,exact,8644,1.0,1.0000000000000002,1.0,1.512265498320911e-15,0.0,exact,1.0551809817141627e-15,
gldm_SmallDependenceEmphasis,gldm,original_gldm_SmallDependenceEmphasis,direct,2D,yes,410,1.0,0.9999999999999998,1.0,3.2416281730824646e-15,0.0,exact,8644,1.0,1.0,1.0,4.733749509926578e-15,0.0,exact,3.2416281730824646e-15,
gldm_SmallDependenceHighGrayLevelEmphasis,gldm,original_gldm_SmallDependenceHighGrayLevelEmphasis,direct,2D,yes,410,1.0,1.0,1.0,8.133092639456309e-16,0.0,exact,8644,1.0,1.0000000000000002,1.0,1.6272568385437873e-15,0.0,exact,8.133092639456309e-16,
gldm_SmallDependenceLowGrayLevelEmphasis,gldm,original_gldm_SmallDependenceLowGrayLevelEmphasis,direct,2D,yes,410,1.0,1.0,1.0,1.0206958134623389e-14,0.0,exact,8644,1.0,1.0,1.0,2.074238638041737e-14,0.0,exact,1.0206958134623389e-14,
glrlm_GrayLevelNonUniformity,glrlm,original_glrlm_GrayLevelNonUniformity,direct,2D,yes,410,1.0,1.0,1.0,0.0,0.0,exact,8644,1.0,1.0,1.0,0.0,0.0,exact,2.9997659857334296,
glrlm_GrayLevelNonUniformityNormalized,glrlm,original_glrlm_GrayLevelNonUniformityNormalized,direct,2D,yes,410,0.9999999999999998,1.0,1.0,0.0,0.0,exact,8644,1.0,1.0,1.0,0.0,0.0,exact,0.025370970909295514,
glrlm_GrayLevelVariance,glrlm,original_glrlm_GrayLevelVariance,direct,2D,yes,410,0.9999999999999998,0.9999999999999998,1.0,7.146382513957915e-16,1.4590570430649443e-16,exact,8644,1.0,0.9999999999999998,1.0,1.324280699415984e-15,1.6129577140135672e-16,exact,0.03514906336716656,
glrlm_HighGrayLevelRunEmphasis,glrlm,original_glrlm_HighGrayLevelRunEmphasis,direct,2D,yes,410,0.9999999999999998,1.0,1.0,0.0,0.0,exact,8644,1.0,1.0,1.0,0.0,0.0,exact,0.027822590068884108,
glrlm_LongRunEmphasis,glrlm,original_glrlm_LongRunEmphasis,direct,2D,yes,410,1.0,1.0,1.0,0.0,0.0,exact,8644,1.0,1.0,1.0,0.0,0.0,exact,0.4594694409612186,
glrlm_LongRunHighGrayLevelEmphasis,glrlm,original_glrlm_LongRunHighGrayLevelEmphasis,direct,2D,yes,410,0.9999999999999998,1.0,1.0,0.0,0.0,exact,8644,1.0,1.0,1.0,0.0,0.0,exact,0.45936758502287356,
glrlm_LongRunLowGrayLevelEmphasis,glrlm,original_glrlm_LongRunLowGrayLevelEmphasis,direct,2D,yes,410,1.0,1.0,1.0,5.266392853372148e-16,0.0,exact,8644,0.9999999999999998,1.0,1.0,9.430249905625197e-16,0.0,exact,0.46717395592063016,
glrlm_LowGrayLevelRunEmphasis,glrlm,original_glrlm_LowGrayLevelRunEmphasis,direct,2D,yes,410,1.0,1.0,1.0,9.289013327007143e-16,0.0,exact,8644,1.0,1.0,1.0,1.331605067082856e-15,0.0,exact,0.04161753575618072,
glrlm_RunEntropy,glrlm,original_glrlm_RunEntropy,direct,2D,yes,410,0.9999999999999999,1.0000000000000002,1.0,3.7631026659004416e-15,2.253357115778391e-15,exact,8644,1.0,0.9999999999999999,1.0,6.511760793231222e-15,2.918670249276082e-15,exact,0.30328068172323114,
glrlm_RunLengthNonUniformity,glrlm,original_glrlm_RunLengthNonUniformity,direct,2D,yes,410,1.0,1.0,1.0,0.0,0.0,exact,8644,1.0,1.0,1.0,0.0,0.0,exact,2.9743326959349803,
glrlm_RunLengthNonUniformityNormalized,glrlm,original_glrlm_RunLengthNonUniformityNormalized,direct,2D,yes,410,1.0,1.0,1.0,0.0,0.0,exact,8644,1.0,1.0,1.0,0.0,0.0,exact,0.43659620291731677,
glrlm_RunPercentage,glrlm,original_glrlm_RunPercentage,direct,2D,yes,410,1.0,1.0,1.0,0.0,0.0,exact,8644,1.0,1.0,1.0,0.0,0.0,exact,6.192229827486788e-16,
glrlm_RunVariance,glrlm,original_glrlm_RunVariance,direct,2D,yes,410,1.0,1.0000000000000002,1.0,7.649159449300774e-16,1.4256616637840148e-16,exact,8644,1.0,1.0000000000000002,1.0,1.050738264120564e-15,1.5156887977609674e-16,exact,0.4198550984515813,
glrlm_ShortRunEmphasis,glrlm,original_glrlm_ShortRunEmphasis,direct,2D,yes,410,1.0,1.0000000000000002,1.0,5.974390626706492e-16,0.0,exact,8644,1.0,0.9999999999999998,1.0,8.96874974853733e-16,0.0,exact,0.11630289786652623,
glrlm_ShortRunHighGrayLevelEmphasis,glrlm,original_glrlm_ShortRunHighGrayLevelEmphasis,direct,2D,yes,410,1.0,1.0,1.0,6.047451441607203e-16,0.0,exact,8644,1.0,1.0,1.0,8.604731139460079e-16,0.0,exact,0.125537420523079,
glrlm_ShortRunLowGrayLevelEmphasis,glrlm,original_glrlm_ShortRunLowGrayLevelEmphasis,direct,2D,yes,410,1.0,1.0,1.0,2.152558574781991e-15,0.0,exact,8644,1.0,0.9999999999999999,1.0,2.794233896804065e-15,0.0,exact,0.16629362821486698,
glszm_GrayLevelNonUniformity,glszm,original_glszm_GrayLevelNonUniformity,direct,2D,yes,410,0.9999999999999998,1.0,1.0,0.0,0.0,exact,8644,1.0,1.0,1.0,0.0,0.0,exact,0.0,
glszm_GrayLevelNonUniformityNormalized,glszm,original_glszm_GrayLevelNonUniformityNormalized,direct,2D,yes,410,1.0,1.0,1.0,0.0,0.0,exact,8644,1.0,1.0,1.0,0.0,0.0,exact,0.0,
glszm_GrayLevelVariance,glszm,original_glszm_GrayLevelVariance,direct,2D,yes,410,1.0,0.9999999999999998,1.0,6.274051046137514e-16,0.0,exact,8644,0.9999999999999998,0.9999999999999998,1.0,9.440386976686864e-16,0.0,exact,6.274051046137514e-16,
glszm_HighGrayLevelZoneEmphasis,glszm,original_glszm_HighGrayLevelZoneEmphasis,direct,2D,yes,410,1.0,1.0,1.0,0.0,0.0,exact,8644,1.0,1.0,1.0,0.0,0.0,exact,0.0,
glszm_LargeAreaEmphasis,glszm,original_glszm_LargeAreaEmphasis,direct,2D,yes,410,1.0,1.0,1.0,0.0,0.0,exact,8644,1.0,1.0,1.0,0.0,0.0,exact,0.0,
glszm_LargeAreaHighGrayLevelEmphasis,glszm,original_glszm_LargeAreaHighGrayLevelEmphasis,direct,2D,yes,410,1.0,1.0,1.0,0.0,0.0,exact,8644,1.0,1.0,1.0,0.0,0.0,exact,0.0,
glszm_LargeAreaLowGrayLevelEmphasis,glszm,original_glszm_LargeAreaLowGrayLevelEmphasis,direct,2D,yes,410,0.9999999999999999,1.0,1.0,4.2346517042345387e-16,0.0,exact,8644,0.9999999999999998,1.0,1.0,6.206870199189348e-16,0.0,exact,4.2346517042345387e-16,
glszm_LowGrayLevelZoneEmphasis,glszm,original_glszm_LowGrayLevelZoneEmphasis,direct,2D,yes,410,0.9999999999999999,1.0,1.0,8.477424504372075e-16,0.0,exact,8644,1.0,0.9999999999999999,1.0,1.21330287782334e-15,0.0,exact,8.477424504372075e-16,
glszm_SizeZoneNonUniformity,glszm,original_glszm_SizeZoneNonUniformity,direct,2D,yes,410,0.9999999999999998,1.0,1.0,0.0,0.0,exact,8644,1.0,1.0,1.0,0.0,0.0,exact,0.0,
glszm_SizeZoneNonUniformityNormalized,glszm,original_glszm_SizeZoneNonUniformityNormalized,direct,2D,yes,410,1.0,1.0,1.0,0.0,0.0,exact,8644,0.9999999999999998,1.0,1.0,0.0,0.0,exact,0.0,
glszm_SmallAreaEmphasis,glszm,original_glszm_SmallAreaEmphasis,direct,2D,yes,410,0.9999999999999998,1.0,1.0,1.1264746648882106e-13,0.0,exact,8644,1.0,1.0,1.0,1.8932239329150238e-15,0.0,exact,1.1264746648882106e-13,
glszm_SmallAreaHighGrayLevelEmphasis,glszm,original_glszm_SmallAreaHighGrayLevelEmphasis,direct,2D,yes,410,0.9999999999999999,1.0,1.0,5.113555863392158e-16,0.0,exact,8644,1.0,1.0,1.0,8.45974203974507e-16,0.0,exact,5.113555863392158e-16,
glszm_SmallAreaLowGrayLevelEmphasis,glszm,original_glszm_SmallAreaLowGrayLevelEmphasis,direct,2D,yes,410,1.0,1.0,1.0,1.7360302968947914e-13,0.0,exact,8644,0.9999999999999999,1.0,1.0,9.554067979811428e-15,0.0,exact,1.7360302968947914e-13,
glszm_ZoneEntropy,glszm,original_glszm_ZoneEntropy,direct,2D,yes,410,1.0,0.9999999999999998,1.0,1.707027206443971e-15,9.491266095942905e-16,exact,8644,1.0,0.9999999999999999,1.0,3.770273930151199e-15,1.1985569584335398e-15,exact,1.707027206443971e-15,
glszm_ZonePercentage,glszm,original_glszm_ZonePercentage,direct,2D,yes,410,1.0,1.0,1.0,0.0,0.0,exact,8644,0.9999999999999999,1.0,1.0,0.0,0.0,exact,0.0,
glszm_ZoneVariance,glszm,original_glszm_ZoneVariance,direct,2D,yes,410,0.9999999999999999,1.0,1.0,5.036265328163324e-16,0.0,exact,8644,1.0,0.9999999999999998,1.0,8.456723288715607e-16,0.0,exact,5.036265328163324e-16,
ngtdm_Busyness,ngtdm,original_ngtdm_Busyness,direct,2D,yes,410,1.0,1.0,1.0,5.225033087274997e-16,0.0,exact,8644,0.9999999999999999,1.0,1.0,1.104734667702617e-15,0.0,exact,5.225033087274997e-16,
ngtdm_Coarseness,ngtdm,original_ngtdm_Coarseness,direct,2D,yes,410,1.0,1.0,1.0,0.0,0.0,exact,8644,0.9999999999999998,1.0,1.0,0.0,0.0,exact,0.0,
ngtdm_Complexity,ngtdm,original_ngtdm_Complexity,direct,2D,yes,410,1.0,1.0000000000000002,1.0,6.858263378010722e-16,0.0,exact,8644,1.0,1.0,1.0,8.558366465245662e-16,0.0,exact,6.858263378010722e-16,
ngtdm_Contrast,ngtdm,original_ngtdm_Contrast,direct,2D,yes,410,0.9999999999999999,1.0000000000000002,1.0,1.0000055887609268e-09,2.0000788627547797e-10,exact,8644,0.9999999999999998,1.0000000000000002,1.0,2.400008003413355e-09,3.9999642348413907e-10,exact,1.0000055887609268e-09,
ngtdm_Strength,ngtdm,original_ngtdm_Strength,direct,2D,yes,410,1.0,1.0,1.0,1.0586867142467732e-15,0.0,exact,8644,1.0,1.0,1.0,2.7822759979899318e-15,0.0,exact,1.0586867142467732e-15,
shape2D_Elongation,shape2D,original_shape2D_Elongation,direct,2D,yes,410,0.9999999999999997,1.0000000000000002,1.0,2.0894543310158745e-14,2.992756464169688e-16,exact,8644,1.0,1.0,1.0,8.56885360643252e-14,3.032751755543483e-16,exact,2.0894543310158745e-14,computed from the pixel mask (identical definition)
shape2D_MajorAxisLength,shape2D,original_shape2D_MajorAxisLength,direct,2D,yes,410,0.9999999999999999,1.0000000000000002,1.0,1.0155049633984495e-14,1.4881983791060264e-16,exact,8644,0.9999999999999999,1.0,1.0,4.2368548489755095e-14,1.5146713337404294e-16,exact,1.0155049633984495e-14,computed from the pixel mask (identical definition)
shape2D_MaximumDiameter,shape2D,original_shape2D_MaximumDiameter,direct,2D,yes,410,0.9999999999999998,1.0,1.0,0.0,0.0,exact,8644,0.9996780990517181,0.9996473869832425,0.9996474277616662,0.375,0.0,discrepant,0.0,computed from the ROI polygon; PyRadiomics uses a marching-squares mesh of the raster (identical for raster-derived polygons)
shape2D_MeshSurface,shape2D,original_shape2D_MeshSurface,direct,2D,yes,410,1.0,1.0,1.0,0.0,0.0,exact,8644,0.9999654495042841,0.9999642942189206,0.9999642983494748,0.15789473684210525,0.0034246600445821543,discrepant,0.0,computed from the ROI polygon; PyRadiomics uses a marching-squares mesh of the raster (identical for raster-derived polygons)
shape2D_MinorAxisLength,shape2D,original_shape2D_MinorAxisLength,direct,2D,yes,410,0.9999999999999999,1.0000000000000002,1.0,1.0767802517596493e-14,2.221410011214555e-16,exact,8644,1.0,1.0000000000000002,1.0,4.308087091109494e-14,2.0983118647076959e-16,exact,1.0767802517596493e-14,computed from the pixel mask (identical definition)
shape2D_Perimeter,shape2D,original_shape2D_Perimeter,direct,2D,yes,410,1.0,1.0000000000000004,1.0,9.020525217053866e-16,1.231475554517482e-16,exact,8644,0.9960918381802825,0.9956474996913697,0.9956480010285095,0.3271960380688463,0.016050840553681823,discrepant,9.020525217053866e-16,computed from the ROI polygon; PyRadiomics uses a marching-squares mesh of the raster (identical for raster-derived polygons)
shape2D_PerimeterSurfaceRatio,shape2D,original_shape2D_PerimeterSurfaceRatio,direct,2D,yes,410,1.0,1.0000000000000002,1.0,1.0019558367261746e-15,0.0,exact,8644,0.9960828818696377,0.9953934397981843,0.9953939702635067,0.28168411767963636,0.01705595094832811,discrepant,1.0019558367261746e-15,computed from the ROI polygon; PyRadiomics uses a marching-squares mesh of the raster (identical for raster-derived polygons)
shape2D_PixelSurface,shape2D,original_shape2D_PixelSurface,direct,2D,yes,410,1.0,1.0,1.0,0.0,0.0,exact,8644,0.9999999999999998,1.0,1.0,0.0,0.0,exact,0.0,computed from the pixel mask (identical definition)
shape2D_SphericalDisproportion,shape2D,original_shape2D_SphericalDisproportion,direct,2D,yes,410,1.0,0.9999999999999998,1.0,1.016001946292722e-15,0.0,exact,8644,0.9582253318206662,0.9498419338412121,0.9498474454690466,0.2799174950375134,0.016617360201680677,discrepant,1.016001946292722e-15,computed from the ROI polygon; PyRadiomics uses a marching-squares mesh of the raster (identical for raster-derived polygons); optional in PyRadiomics (must be enabled explicitly)
shape2D_Sphericity,shape2D,original_shape2D_Sphericity,direct,2D,yes,410,1.0,1.0,1.0,8.473477464059976e-16,1.2391833659603135e-16,exact,8644,0.9549643359945241,0.9417595445095042,0.9417658898212083,0.21869963972115983,0.016648425229050304,discrepant,8.473477464059976e-16,computed from the ROI polygon; PyRadiomics uses a marching-squares mesh of the raster (identical for raster-derived polygons)
shape_Compactness1,shape,original_shape_Compactness1,legacy,2D under 3D name,no,410,-0.7100598598292834,-0.0021975389014973145,-0.0022029236934582213,46.699532650033255,21.278543160055975,discrepant,8644,-0.7644369608786772,-0.0025227357090277036,-0.002523028327405875,204.43682084127673,36.428163525747,discrepant,46.699532650033255,"2D quantity under PyRadiomics 3D name; PyRadiomics evaluates a one-voxel-thick volume, so values are not expected to agree; optional in PyRadiomics (must be enabled explicitly)"
shape_Compactness2,shape,original_shape_Compactness2,legacy,2D under 3D name,no,410,-0.6847483668168387,-0.00034421590206453975,-0.0003450577961389858,2274.245415031545,495.33498191198316,discrepant,8644,-0.6623476103869668,-0.00024140597483870486,-0.00024143391239030135,42203.28735737068,1399.8674249253104,discrepant,2274.245415031545,"2D quantity under PyRadiomics 3D name; PyRadiomics evaluates a one-voxel-thick volume, so values are not expected to agree; optional in PyRadiomics (must be enabled explicitly)"
shape_Elongation,shape,original_shape_Elongation,legacy,2D under 3D name,no,410,0.9999999999999999,0.9999999999999999,1.0,2.0894543310158745e-14,3.002903509153876e-16,exact,8644,1.0,1.0,1.0,8.56885360643252e-14,3.032167497994263e-16,exact,2.0894543310158745e-14,"2D quantity under PyRadiomics 3D name; PyRadiomics evaluates a one-voxel-thick volume, so values are not expected to agree"
shape_LeastAxisLength,shape,original_shape_LeastAxisLength,legacy,2D under 3D name,no,410,,0.0,0.0,,,discrepant,8644,,0.0,-8.409599512404124e-18,,,discrepant,,"2D quantity under PyRadiomics 3D name; PyRadiomics evaluates a one-voxel-thick volume, so values are not expected to agree"
shape_MajorAxisLength,shape,original_shape_MajorAxisLength,legacy,2D under 3D name,no,410,0.9999999999999999,1.0,1.0,1.0155049633984495e-14,1.5084624174896178e-16,exact,8644,0.9999999999999999,1.0,1.0,4.2368548489755095e-14,1.5100197267821147e-16,exact,1.0155049633984495e-14,"2D quantity under PyRadiomics 3D name; PyRadiomics evaluates a one-voxel-thick volume, so values are not expected to agree"
shape_Maximum2DDiameterColumn,shape,original_shape_Maximum2DDiameterColumn,legacy,2D under 3D name,no,410,0.903239732567264,0.8693641746230583,0.8696412631698778,1.375,0.0,discrepant,8644,0.9509349515264294,0.9339557907204765,0.9339629266347507,1.5555555555555556,0.02564102564102564,discrepant,1.375,"2D quantity under PyRadiomics 3D name; PyRadiomics evaluates a one-voxel-thick volume, so values are not expected to agree"
shape_Maximum2DDiameterRow,shape,original_shape_Maximum2DDiameterRow,legacy,2D under 3D name,no,410,0.9042445972016088,0.8703237761712658,0.8705991322882018,1.625,0.0,discrepant,8644,0.9505315669308476,0.9330802890162507,0.9330875127490913,1.6111111111111112,0.022727272727272728,discrepant,1.625,"2D quantity under PyRadiomics 3D name; PyRadiomics evaluates a one-voxel-thick volume, so values are not expected to agree"
shape_Maximum2DDiameterSlice,shape,original_shape_Maximum2DDiameterSlice,legacy,2D under 3D name,no,410,0.9999999999999998,1.0,1.0,0.0,0.0,exact,8644,0.9996780990517181,0.9996473869832425,0.9996474277616662,0.375,0.0,discrepant,0.0,"2D quantity under PyRadiomics 3D name; PyRadiomics evaluates a one-voxel-thick volume, so values are not expected to agree"
shape_Maximum3DDiameter,shape,original_shape_Maximum3DDiameter,legacy,2D under 3D name,no,410,0.9999999999999998,1.0,1.0,0.0,0.0,exact,8644,0.9996780990517181,0.9996473869832425,0.9996474277616662,0.375,0.0,discrepant,0.0,"2D quantity under PyRadiomics 3D name; PyRadiomics evaluates a one-voxel-thick volume, so values are not expected to agree"
shape_MeshVolume,shape,original_shape_MeshVolume,legacy,2D under 3D name,no,410,0.9999249169366966,0.9901283724044029,0.9901522124383171,0.2514285714285714,0.06230860624179754,discrepant,8644,0.999942410666579,0.9978381032482477,0.9978383528113419,0.9411764705882352,0.04363936137147878,discrepant,0.2514285714285714,"2D quantity under PyRadiomics 3D name; PyRadiomics evaluates a one-voxel-thick volume, so values are not expected to agree"
shape_MinorAxisLength,shape,original_shape_MinorAxisLength,legacy,2D under 3D name,no,410,0.9999999999999999,0.9999999999999999,1.0,1.0767802517596493e-14,2.1201238120861032e-16,exact,8644,1.0,1.0000000000000002,1.0,4.308087091109494e-14,2.097327857643261e-16,exact,1.0767802517596493e-14,"2D quantity under PyRadiomics 3D name; PyRadiomics evaluates a one-voxel-thick volume, so values are not expected to agree"
shape_SphericalDisproportion,shape,original_shape_SphericalDisproportion,legacy,2D under 3D name,no,410,-0.09133460128134371,-0.0023320372178174537,-0.002337752349708175,0.698981795155308,0.5829758187898728,discrepant,8644,-0.057506987575395525,-0.0014209548555530985,-0.0014211194944750425,0.8445883044928187,0.6654326278873575,discrepant,0.698981795155308,"2D quantity under PyRadiomics 3D name; PyRadiomics evaluates a one-voxel-thick volume, so values are not expected to agree; optional in PyRadiomics (must be enabled explicitly)"
shape_Sphericity,shape,original_shape_Sphericity,legacy,2D under 3D name,no,410,-0.0773461838719477,-0.001845943142176456,-0.0018504648023109067,2.322058214106825,1.3979424816522263,discrepant,8644,-0.07638063325173465,-0.0018625837774284017,-0.0018627996808644452,5.4345221685956835,1.988934622275095,discrepant,2.322058214106825,"2D quantity under PyRadiomics 3D name; PyRadiomics evaluates a one-voxel-thick volume, so values are not expected to agree"
shape_SurfaceArea,shape,original_shape_SurfaceArea,legacy,2D under 3D name,no,410,0.9284006571637703,0.022163090296516252,0.022216074925909608,0.9221486840185974,0.8684041036254688,discrepant,8644,0.9346338496361121,0.023955947511328093,0.02395865282143826,0.9710390818608241,0.9080175951912224,discrepant,0.9221486840185974,"2D quantity under PyRadiomics 3D name; PyRadiomics evaluates a one-voxel-thick volume, so values are not expected to agree"
shape_SurfaceVolumeRatio,shape,original_shape_SurfaceVolumeRatio,legacy,2D under 3D name,no,410,0.9977879780949277,0.004134104381164099,0.004144170327248358,0.9248631650500271,0.8762498635577461,discrepant,8644,0.9926955368346757,0.004016173680392721,0.004016636487539628,0.9713967388482455,0.9118734764113883,discrepant,0.9248631650500271,"2D quantity under PyRadiomics 3D name; PyRadiomics evaluates a one-voxel-thick volume, so values are not expected to agree"
shape_VoxelVolume,shape,original_shape_VoxelVolume,legacy,2D under 3D name,no,410,1.0,1.0,1.0,0.0,0.0,exact,8644,0.9999999999999998,1.0,1.0,0.0,0.0,exact,0.0,"2D quantity under PyRadiomics 3D name; PyRadiomics evaluates a one-voxel-thick volume, so values are not expected to agree"
