label,cell_id,classification,x,y,width,height,area,centroid_x,centroid_y
1,c2c897d3-0a1c-40ae-a94e-e02b9252c18d,"Unclassified",261.0,278.0,34.0,23.0,598.0,277.3946533203125,290.4264221191406
2,f1fd9206-00fa-46c6-87ea-1f33ad99d50d,"Unclassified",596.0,386.0,30.0,25.0,519.0,612.2996215820312,399.28033447265625
3,f7e85319-d423-4211-b6a8-fe89ff50aafa,"Unclassified",538.0,394.0,30.0,21.0,501.0,553.3562622070312,404.4760437011719
4,33ad606f-4cd1-4875-a1a7-fe9a77e144b5,"Unclassified",62.0,402.0,25.0,25.0,477.0,74.38469696044922,414.6446533203125
5,0d15d120-5ff4-486e-8005-33bfbb812dcd,"Unclassified",148.0,623.0,24.0,31.0,456.0,160.67762756347656,639.4122924804688
6,dc0c6aa1-234a-49dc-86ef-29da77513483,"Unclassified",816.0,295.0,22.0,27.0,452.0,826.6017456054688,308.18585205078125
7,8693c091-81c5-4ed9-9db2-ce4dd1f85fef,"Unclassified",777.0,385.0,23.0,27.0,430.0,788.5557861328125,398.34417724609375
8,1b5f1773-645d-459d-8bb4-87026b77f7d2,"Unclassified",808.0,559.0,23.0,26.0,429.0,819.278564453125,572.2225952148438
9,20ff8bee-201e-4241-9196-8106a74d5553,"Unclassified",831.0,481.0,22.0,25.0,422.0,842.1801147460938,493.7298583984375
10,1f7b4a2a-5bd5-427a-9d1d-45c5af4647f5,"Unclassified",779.0,573.0,23.0,24.0,418.0,790.1698608398438,584.868408203125
11,fcccdc39-7c2f-4a44-b426-ca04dd208a56,"Unclassified",824.0,543.0,25.0,24.0,414.0,836.4951782226562,555.067626953125
12,156dcdcb-88a3-41da-8a81-68ccf0458c44,"Unclassified",778.0,550.0,27.0,20.0,414.0,791.840576171875,560.6956787109375
13,5a62a565-0454-4b33-9092-31ba289c9bb3,"Unclassified",284.0,27.0,18.0,34.0,410.0,293.0243835449219,44.64390182495117
14,2267a7e1-6583-4599-a8bb-3331e1058f3a,"Unclassified",398.0,450.0,23.0,23.0,409.0,409.3533020019531,461.4388732910156
15,56eecf5a-3bb1-4051-b8ca-c7852992110c,"Unclassified",842.0,513.0,22.0,25.0,408.0,853.188720703125,525.4534301757812
16,38e48bcf-4bdd-4ae9-8f34-4550f62b9f6c,"Unclassified",77.0,459.0,30.0,18.0,398.0,92.54271697998047,468.4924621582031
17,73f14f90-d9c6-433f-a398-14d45c326530,"Unclassified",340.0,25.0,26.0,20.0,391.0,353.3081970214844,35.25447463989258
18,fb57cb7a-a4c6-4e70-8342-c02f095fbde3,"Unclassified",250.0,305.0,26.0,21.0,388.0,263.1314392089844,315.11083984375
19,f24e2493-9368-4866-95d1-5fac4d42adee,"Unclassified",289.0,154.0,21.0,34.0,380.0,300.476318359375,171.27105712890625
20,ac21047e-7f1e-4c0f-998a-33fe5e10de1f,"Unclassified",869.0,644.0,24.0,21.0,378.0,880.611083984375,654.1270141601562
21,76439e7a-1cdc-4f84-be8e-373f9511c98b,"Unclassified",395.0,307.0,24.0,23.0,374.0,407.28076171875,318.45989990234375
22,4b2d84a6-3229-47d7-8ff4-dbc495e87ad2,"Unclassified",172.0,41.0,29.0,18.0,373.0,186.39007568359375,49.95844650268555
23,8fa1175c-dcfa-4699-9d0a-b0d016831f25,"Unclassified",805.0,726.0,18.0,32.0,370.0,814.6080932617188,741.2108154296875
24,130cdf25-666c-4d5f-936e-bb31fb310639,"Unclassified",128.0,373.0,23.0,21.0,365.0,139.55479431152344,383.179443359375
25,6f17bbbc-27ec-4279-b0b9-0d12c566d9e9,"Unclassified",470.0,590.0,16.0,29.0,364.0,477.6758117675781,604.5384521484375
26,f5448c9f-a419-4286-bd85-1ba4fdcb4cbd,"Unclassified",232.0,633.0,15.0,32.0,364.0,239.85165405273438,649.120849609375
27,4d07804c-b9e0-4912-9551-45c661855659,"Unclassified",430.0,542.0,32.0,17.0,363.0,446.96832275390625,549.3622436523438
28,f469e116-bce6-423c-b258-858f870a3c28,"Unclassified",46.0,460.0,25.0,20.0,359.0,58.17131042480469,470.1406555175781
29,40e81313-1d8d-47ab-b518-71ba58ae1c38,"Unclassified",49.0,40.0,17.0,28.0,357.0,57.45518112182617,54.63165283203125
30,b4d81dc6-bf66-4c60-b3bf-925746c06ac0,"Unclassified",187.0,295.0,23.0,21.0,354.0,198.69491577148438,305.2598876953125
31,a8a68ce9-bec0-4175-9ac4-f4ca0ebc6240,"Unclassified",427.0,133.0,20.0,24.0,350.0,436.7971496582031,145.33428955078125
32,b0139b56-78b5-4353-8cc0-a4de5f4d3930,"Unclassified",175.0,282.0,22.0,25.0,350.0,186.182861328125,294.48858642578125
33,82d24d42-99e0-4117-b766-beac628eae75,"Unclassified",431.0,607.0,21.0,20.0,348.0,441.6551818847656,616.9453735351562
34,5707fba1-2e09-44e5-b63d-a6191aad7e7f,"Unclassified",320.0,63.0,17.0,27.0,347.0,328.0504455566406,76.79682922363281
35,87a28354-f9e5-4c07-a82e-7a15b1e9978c,"Unclassified",180.0,232.0,18.0,25.0,345.0,188.98985290527344,244.78115844726562
36,3bb526a4-284f-466f-b8a8-61f1b04086ff,"Unclassified",116.0,169.0,25.0,17.0,344.0,129.39244079589844,177.50291442871094
37,f2d9b668-014d-4139-a53b-d5f5ce8bea07,"Unclassified",216.0,471.0,20.0,23.0,344.0,226.06976318359375,481.8633728027344
38,5337b284-7cae-41ee-b747-b420ff51f970,"Unclassified",795.0,346.0,29.0,23.0,343.0,808.6836547851562,357.147216796875
39,bd471b1e-1e66-4086-b8e3-17a89ab2980d,"Unclassified",92.0,131.0,21.0,21.0,342.0,102.19298553466797,141.5
40,b6314f26-6a05-4154-b87c-187888c222a0,"Unclassified",574.0,360.0,22.0,25.0,340.0,584.7176513671875,372.2823486328125
41,90bd0ad1-317d-4bec-8865-b6fb8c673bd5,"Unclassified",169.0,266.0,22.0,24.0,337.0,180.60089111328125,278.0400695800781
42,71a508dc-00f5-4165-8a2d-00208979fdad,"Unclassified",20.0,671.0,21.0,25.0,337.0,29.82047462463379,684.5118408203125
43,2421d70f-631a-499a-9ce4-ee913d1dfebd,"Unclassified",103.0,186.0,24.0,19.0,336.0,115.20237731933594,195.16964721679688
44,42c22bed-98dd-42a0-8c64-06d19e0eaeb4,"Unclassified",226.0,303.0,19.0,21.0,336.0,235.7886962890625,313.38690185546875
45,5dfc9bd5-44d3-43ed-8c99-8e1f89bd9ab5,"Unclassified",584.0,372.0,19.0,25.0,335.0,593.5985107421875,385.24627685546875
46,1e6e34cf-2cc7-45a0-870c-04c28c93756a,"Unclassified",604.0,672.0,26.0,22.0,332.0,616.4699096679688,682.8945922851562
47,811e54a4-2a13-429f-a96d-09da42bc7abc,"Unclassified",114.0,458.0,23.0,19.0,329.0,125.27203369140625,467.7462158203125
48,d10c4d62-8b9a-46a8-a7b0-56a451fa1912,"Unclassified",104.0,658.0,21.0,21.0,328.0,114.29573059082031,668.51220703125
49,9071fadc-a19f-4b06-bea3-7babc79906aa,"Unclassified",751.0,203.0,24.0,17.0,324.0,762.7716064453125,211.13580322265625
50,4d9b6a14-1294-4414-a318-af07a0d00afd,"Unclassified",855.0,370.0,23.0,22.0,324.0,866.6173095703125,381.3580322265625
51,a13697b5-0bf6-4e46-abd4-bcafc54f40e1,"Unclassified",42.0,186.0,22.0,19.0,323.0,52.79411697387695,195.45046997070312
52,1fe5cc0e-1656-45a7-b1ce-69a656585d35,"Unclassified",520.0,539.0,33.0,23.0,322.0,535.62109375,551.9658203125
53,d56c2a18-b156-43de-aceb-e3644ec23f3c,"Unclassified",72.0,379.0,21.0,21.0,319.0,82.82601928710938,389.4090881347656
54,a8c024c8-799e-43fa-97a3-8e6e5100b0c9,"Unclassified",774.0,306.0,14.0,28.0,315.0,781.420654296875,320.21429443359375
55,b0a7ff4c-9743-4bfd-8636-273ddc5c04f6,"Unclassified",783.0,63.0,30.0,19.0,314.0,796.5,74.33757781982422
56,1cbc285a-3419-4b9b-b226-4adcc737ebd4,"Unclassified",418.0,164.0,18.0,25.0,314.0,426.7388610839844,176.2707061767578
57,cfe981a1-fc10-4aaf-a9f0-eff661f77c25,"Unclassified",504.0,715.0,20.0,22.0,313.0,513.2763671875,725.091064453125
58,f45cf482-0848-4f9a-b71e-adf063eabf4c,"Unclassified",189.0,127.0,23.0,20.0,312.0,200.07691955566406,137.25640869140625
59,eac4d93b-6250-4bc8-ba7e-07ddf1f6f06a,"Unclassified",603.0,641.0,16.0,24.0,312.0,610.7083129882812,652.9967651367188
60,efcc581d-cdc0-4a48-b78d-4a766e934082,"Unclassified",866.0,625.0,26.0,16.0,311.0,878.6543579101562,634.0595092773438
61,3edbbf66-ae64-489e-9219-8aa6c4c212e3,"Unclassified",106.0,606.0,18.0,24.0,310.0,114.91935729980469,618.1483764648438
62,e8d16125-2782-494f-8e4d-98af73b50d69,"Unclassified",837.0,326.0,24.0,19.0,308.0,848.912353515625,336.0097351074219
63,af615408-b3f7-4ebe-b54b-ea2fed04bd0e,"Unclassified",809.0,271.0,19.0,21.0,307.0,819.0146484375,281.46417236328125
64,043d35e4-d5b3-43e2-9920-e2cadcefd9f2,"Unclassified",789.0,525.0,19.0,21.0,307.0,798.5911865234375,535.9755859375
65,aa368d68-3dbe-40b9-9992-2b2ddea521e7,"Unclassified",689.0,179.0,21.0,21.0,305.0,700.8606567382812,189.3459014892578
66,3914b024-1355-4a25-9b7f-c907756f4718,"Unclassified",67.0,197.0,17.0,24.0,305.0,75.6114730834961,208.7327880859375
67,7021b83f-486d-4586-89c2-ef063bf3f1c1,"Unclassified",156.0,265.0,21.0,22.0,305.0,165.89016723632812,275.896728515625
68,44ced80e-28b8-4654-89e8-0491c6f8aacf,"Unclassified",433.0,174.0,20.0,20.0,304.0,442.694091796875,184.20394897460938
69,905afa25-d1b2-4a4b-8310-5972c6fe52c8,"Unclassified",9.0,695.0,19.0,23.0,304.0,18.779605865478516,706.4605102539062
70,a29312a0-a7a6-477e-931b-567c95b742de,"Unclassified",52.0,123.0,17.0,22.0,302.0,60.62251663208008,134.09933471679688
71,7f6ffdac-7cf5-4da4-a8ec-6c74b03b6509,"Unclassified",567.0,500.0,14.0,26.0,301.0,574.3106079101562,513.3538208007812
72,099b5126-8dde-4934-83d5-6f43b2d39d62,"Unclassified",142.0,689.0,20.0,19.0,301.0,152.4435272216797,698.4169311523438
73,d282826b-8ff7-42c4-a463-8b450364c1da,"Unclassified",362.0,185.0,20.0,23.0,299.0,372.6036682128906,197.2056884765625
74,b48c4d43-339c-4063-93ae-6cfac7d36eb8,"Unclassified",791.0,659.0,12.0,32.0,298.0,797.60400390625,674.1778564453125
75,158211f0-8786-4935-aa8f-0fe1481507b6,"Unclassified",159.0,292.0,19.0,21.0,297.0,167.90403747558594,302.7962951660156
76,20007166-c951-4077-be89-5841df6e7f09,"Unclassified",139.0,616.0,18.0,28.0,297.0,148.60101318359375,631.1902465820312
77,6ccecf6f-541c-4146-9677-9a734fcfa71e,"Unclassified",481.0,401.0,26.0,14.0,296.0,493.604736328125,407.89190673828125
78,75ed8a6a-8cfa-40ee-946c-87bd6df7e731,"Unclassified",662.0,317.0,28.0,14.0,294.0,676.047607421875,323.93878173828125
79,9aa16ea0-b504-4300-9d2b-43babd500659,"Unclassified",44.0,410.0,19.0,21.0,292.0,53.26369857788086,421.1643981933594
80,f5b90ff6-32aa-4caf-8a71-1e412b75bb7e,"Unclassified",194.0,111.0,21.0,18.0,288.0,204.30555725097656,120.10416412353516
81,d0be21a5-a59c-41ad-9379-c59db59ad759,"Unclassified",203.0,229.0,20.0,19.0,287.0,213.3118438720703,238.39895629882812
82,64a3e40c-2493-44f7-a1a4-f3189715bb5e,"Unclassified",228.0,405.0,15.0,25.0,286.0,235.43356323242188,417.1503601074219
83,48168a91-914d-4e37-9818-9b4061c87a57,"Unclassified",472.0,286.0,16.0,22.0,284.0,479.908447265625,297.4823913574219
84,dce65a50-379e-4e28-b7d2-5bbadd532926,"Unclassified",143.0,426.0,18.0,21.0,284.0,151.91549682617188,437.5598449707031
85,7811cfec-bd00-46fc-9e50-022b8f05865f,"Unclassified",474.0,696.0,16.0,23.0,284.0,482.3837890625,707.6126708984375
86,52a0cc03-1056-4251-b0ec-edabf4c029c2,"Unclassified",829.0,673.0,19.0,21.0,282.0,837.6879272460938,682.8120727539062
87,440b8013-76e6-4403-9ce7-e863ec6e5bfe,"Unclassified",174.0,613.0,17.0,22.0,280.0,182.72500610351562,623.3642578125
88,b8e6ed28-5280-4c6c-ab2d-6a58bd36c5b4,"Unclassified",664.0,559.0,16.0,24.0,279.0,671.7544555664062,572.1451416015625
89,9f74b46c-5b92-4447-8276-3bbb18489884,"Unclassified",687.0,726.0,20.0,21.0,279.0,697.399658203125,736.568115234375
90,53e9f54e-0a93-4f9c-a427-fc2287432046,"Unclassified",105.0,145.0,22.0,20.0,278.0,115.17626190185547,154.44964599609375
91,f750f26a-d305-48fc-ba89-3923b63f5946,"Unclassified",242.0,245.0,24.0,15.0,278.0,253.44244384765625,252.14389038085938
92,133bd562-b42d-45f4-9218-a0abe963120c,"Unclassified",125.0,702.0,19.0,20.0,278.0,134.13308715820312,711.7158203125
93,61723870-6f65-4cd4-9b19-f1c77dc9038b,"Unclassified",768.0,282.0,18.0,27.0,277.0,776.9476318359375,294.9656982421875
94,faece847-e082-42b1-ae2b-0a9e368138e0,"Unclassified",266.0,248.0,21.0,18.0,276.0,275.88043212890625,257.3731994628906
95,8465bac8-da82-485f-95ed-bfabdc5283f8,"Unclassified",536.0,513.0,15.0,24.0,276.0,543.6738891601562,524.9637451171875
96,5ccfb463-9137-49ca-ab25-d62fd1642815,"Unclassified",33.0,127.0,20.0,21.0,275.0,43.26363754272461,137.3909149169922
97,467c0c49-d19f-4c65-ab32-e5bb8b809c29,"Unclassified",553.0,146.0,14.0,31.0,275.0,560.5872802734375,159.3109130859375
98,319d8c91-04b2-4f36-b440-64d72b48f8f7,"Unclassified",440.0,151.0,18.0,21.0,275.0,448.6490783691406,161.6999969482422
99,07b131d5-ba54-43b0-b48a-f2873e894b33,"Unclassified",166.0,463.0,17.0,21.0,275.0,174.84909057617188,472.4490966796875
100,0f761850-8a4d-463a-b5ab-e0ad8753ddaa,"Unclassified",408.0,569.0,22.0,25.0,272.0,418.625,581.2941284179688
101,756edd15-9c1e-4a41-bc76-5ae3937115c7,"Unclassified",868.0,467.0,15.0,23.0,270.0,875.5296020507812,478.392578125
102,5919a34b-f150-49ba-b258-cb256ae76b94,"Unclassified",684.0,566.0,14.0,29.0,270.0,691.4666748046875,579.8074340820312
103,d46b58f0-7240-4f8b-840c-001ebc38f4f4,"Unclassified",28.0,702.0,21.0,23.0,270.0,38.14444351196289,713.3296508789062
104,7c42cc87-7776-4b35-8ebd-2beba5040713,"Unclassified",810.0,484.0,21.0,18.0,269.0,820.4777221679688,492.7936706542969
105,3ef18c8e-538b-4c77-9473-60e9b8a891b2,"Unclassified",488.0,516.0,18.0,20.0,269.0,497.21746826171875,525.9498291015625
106,950259c8-8839-48a2-ac0a-8f3eb7187980,"Unclassified",282.0,657.0,16.0,25.0,267.0,290.1329650878906,670.7359619140625
107,4ab67863-46a9-4360-a401-1d52f9b1e453,"Unclassified",459.0,306.0,17.0,21.0,266.0,467.1428527832031,316.4135437011719
108,75b7da52-25bb-496b-b342-5704dc6d80ce,"Unclassified",206.0,311.0,18.0,18.0,266.0,215.35714721679688,320.46990966796875
109,4a266048-a39d-486b-98a3-709deb32e477,"Unclassified",585.0,635.0,22.0,18.0,266.0,595.718017578125,643.8646850585938
110,ccf9dc5c-bc38-412d-9020-a42b6421edf7,"Unclassified",397.0,160.0,23.0,16.0,265.0,409.0547180175781,167.16415405273438
111,ef85473d-511c-4ec2-9c18-fd7aebc86279,"Unclassified",795.0,283.0,17.0,21.0,263.0,803.3212890625,294.1463928222656
112,af78851f-71d1-4d6b-b7f1-1e814348361f,"Unclassified",534.0,61.0,25.0,14.0,262.0,547.301513671875,67.28244018554688
113,7ea038a6-a4ab-4163-bebb-c4ac5be72d38,"Unclassified",779.0,443.0,27.0,23.0,261.0,791.9942626953125,455.262451171875
114,0f5046d1-7fbe-4c24-89b2-e73d50105717,"Unclassified",58.0,301.0,19.0,18.0,260.0,67.28461456298828,310.3999938964844
115,4bed5539-21e2-49e6-817a-a59d174fe2ad,"Unclassified",508.0,410.0,15.0,26.0,260.0,516.2615356445312,422.1961669921875
116,bea42ef5-ad25-4a45-8fb7-cf2dd3c381be,"Unclassified",210.0,494.0,17.0,20.0,260.0,218.3076934814453,504.1961669921875
117,999c86ec-558a-4e97-959d-32928f7d5539,"Unclassified",592.0,584.0,21.0,20.0,260.0,603.0576782226562,594.4269409179688
118,5da6b549-0c5b-4ba7-8ec2-d193382f15b0,"Unclassified",715.0,317.0,11.0,31.0,259.0,720.7393798828125,332.4034729003906
119,1c74aa7f-834a-4b3c-a5de-204d69374204,"Unclassified",842.0,440.0,19.0,21.0,259.0,851.5,450.5347595214844
120,47800e91-0c3f-4f65-8899-710e1c15339d,"Unclassified",285.0,352.0,21.0,17.0,258.0,294.8721008300781,360.4224853515625
121,1d2210da-214d-4484-9468-e6104b41a35f,"Unclassified",688.0,609.0,18.0,30.0,257.0,695.7606811523438,623.4454956054688
122,accbba2f-f535-481b-b234-0e3540f4b574,"Unclassified",453.0,722.0,17.0,21.0,257.0,461.6322937011719,732.63232421875
123,3945b8e7-b137-4274-bd96-e4b3c6a6a6c7,"Unclassified",582.0,415.0,21.0,17.0,256.0,593.078125,423.953125
124,717a555c-36b6-41bd-a25e-e8a6dc9b94b3,"Unclassified",678.0,519.0,13.0,25.0,256.0,684.63671875,531.0625
125,7d61d1a3-658a-4490-a9d8-7e72c43ab564,"Unclassified",730.0,673.0,16.0,20.0,256.0,737.94140625,682.91796875
126,c6c36309-2d04-4261-8f43-4312ccbaa2d1,"Unclassified",266.0,27.0,17.0,25.0,255.0,275.6019592285156,38.280391693115234
127,8b2c4104-f637-4753-b3e7-843b967e377b,"Unclassified",632.0,355.0,17.0,22.0,255.0,640.2686157226562,365.9078369140625
128,738e10ef-2ed9-4955-b46d-d0ad59e0d366,"Unclassified",20.0,737.0,17.0,21.0,255.0,28.06078338623047,747.3235473632812
129,7d43dd68-a1ac-4f19-a6da-f649f8493610,"Unclassified",391.0,195.0,19.0,25.0,253.0,401.40118408203125,206.75296020507812
130,52ce2adb-0380-4a5d-a6b1-3822c4fd7456,"Unclassified",678.0,210.0,17.0,23.0,252.0,687.4127197265625,221.57142639160156
131,6c2bfac2-ef58-4bf2-a511-3b9ad7773f5e,"Unclassified",832.0,693.0,21.0,18.0,251.0,842.5916137695312,702.7430419921875
132,73e27200-30f2-4d2a-8e22-171728b3e51c,"Unclassified",757.0,40.0,18.0,18.0,250.0,765.8040161132812,48.96799850463867
133,6ce5f118-45ba-4d11-858a-0f0fdd86a6f3,"Unclassified",144.0,4.0,22.0,21.0,249.0,155.50802612304688,14.050200462341309
134,0733f292-4a6b-4e65-a67d-829b7be409a3,"Unclassified",458.0,411.0,22.0,16.0,248.0,469.1048278808594,419.18548583984375
135,cb192809-504e-4370-9664-3e74f670fa43,"Unclassified",518.0,164.0,10.0,34.0,247.0,522.3056640625,178.94534301757812
136,d67dd1bb-2a06-4578-8495-376d0fd5f8e7,"Unclassified",582.0,238.0,18.0,21.0,247.0,590.98583984375,248.8076934814453
137,bf42d727-d825-4c6c-a405-0d84577cada8,"Unclassified",809.0,604.0,18.0,20.0,244.0,818.1475219726562,613.86474609375
138,961cbb81-eea9-4af6-8a1b-8d1d0d1c29cc,"Unclassified",226.0,233.0,15.0,21.0,243.0,233.1995849609375,243.62757873535156
139,14580f24-852c-43dc-b45a-df4b46daa9bd,"Unclassified",728.0,196.0,16.0,20.0,242.0,735.6528930664062,206.69007873535156
140,d72a068c-1664-4bd0-9d75-75da5f4dc55f,"Unclassified",698.0,217.0,15.0,21.0,242.0,704.8512573242188,227.9256134033203
141,4e3055ab-15f9-4ddf-8efb-ee860ae3617c,"Unclassified",640.0,334.0,19.0,18.0,242.0,648.504150390625,342.1156921386719
142,ddfe85cc-3275-470c-85cc-8c32829b9000,"Unclassified",878.0,295.0,18.0,17.0,241.0,887.2136840820312,303.75726318359375
143,c611e307-5ee5-4448-9253-3c295110b822,"Unclassified",521.0,497.0,17.0,17.0,241.0,529.2551879882812,505.4833984375
144,faeb71e9-4624-4c31-a939-7a1be7329a2d,"Unclassified",454.0,283.0,16.0,23.0,240.0,462.42083740234375,294.5416564941406
145,6e10a44f-e304-4031-9a2f-1e4a9f60e542,"Unclassified",29.0,152.0,19.0,17.0,239.0,38.31589889526367,160.85983276367188
146,f0e08531-5e1c-4a60-b5b6-3b09c6d5fcd1,"Unclassified",705.0,393.0,14.0,23.0,239.0,711.8389282226562,405.1485290527344
147,1e740872-cf57-4897-a933-d82ded5c128b,"Unclassified",84.0,676.0,17.0,18.0,237.0,92.50843811035156,685.0401000976562
148,f89de6b8-9082-4165-9519-fc492b8c984a,"Unclassified",365.0,47.0,12.0,24.0,236.0,371.3516845703125,59.88983154296875
149,e3ba5648-7be2-4b58-860f-095b771d0bf5,"Unclassified",687.0,141.0,17.0,17.0,236.0,695.8983154296875,149.39830017089844
150,f61b0002-f99e-4aa6-b318-f28678d06776,"Unclassified",880.0,273.0,16.0,19.0,236.0,888.0762939453125,281.9110107421875
151,8f2c35f1-1fe8-4baa-a24c-70e45eb08662,"Unclassified",623.0,326.0,18.0,18.0,236.0,632.3262939453125,335.0974426269531
152,23f95fe3-e6d7-4dbb-a3eb-5f6b60d5db38,"Unclassified",551.0,508.0,17.0,21.0,236.0,559.0889892578125,518.072021484375
153,a62a8bf3-f378-4801-bafe-7f1282418d44,"Unclassified",391.0,519.0,21.0,14.0,236.0,400.9110107421875,525.4491577148438
154,320860c6-3da0-4765-9faf-0e4615d0859b,"Unclassified",380.0,508.0,25.0,14.0,235.0,391.5595703125,514.4234008789062
155,9d8cb637-b573-4c15-9cfa-4f98267f3bf3,"Unclassified",34.0,509.0,22.0,15.0,235.0,45.3510627746582,516.9510498046875
156,005c2087-f8a0-4e1b-ab08-a4da38931237,"Unclassified",693.0,264.0,20.0,14.0,234.0,702.61962890625,270.5769348144531
157,50d2b15f-1fa6-4edd-9931-9ae80a001218,"Unclassified",107.0,749.0,24.0,15.0,234.0,118.36752319335938,755.3418579101562
158,88b37227-a630-4797-9425-6d7793783784,"Unclassified",103.0,321.0,15.0,21.0,233.0,110.75750732421875,330.86480712890625
159,d9cfaaae-bfe9-459c-b9a7-a36053661597,"Unclassified",194.0,483.0,14.0,25.0,233.0,200.42274475097656,494.4785461425781
160,c499c02c-17df-4390-8702-5d39b58cd32e,"Unclassified",513.0,655.0,17.0,18.0,233.0,521.6716918945312,663.5128784179688
161,3cf7871e-c7b2-4b1b-9dd9-afc7c3026dc2,"Unclassified",599.0,342.0,20.0,15.0,232.0,608.9525756835938,349.262939453125
162,12d3ebd3-7309-484a-8f6a-bb60ee553565,"Unclassified",305.0,59.0,18.0,17.0,231.0,313.8290100097656,67.30086517333984
163,71a7a490-2ac7-469b-b1d2-4843f561528e,"Unclassified",674.0,228.0,18.0,23.0,231.0,682.4307250976562,239.75108337402344
164,b2e9d0bb-7f41-4e13-9fe8-bbbde1e5bbfb,"Unclassified",607.0,366.0,19.0,16.0,231.0,616.837646484375,374.097412109375
165,30040f73-f2ae-41e1-9b89-47a58c122b76,"Unclassified",125.0,574.0,16.0,20.0,230.0,133.03912353515625,584.1738891601562
166,e0070e33-ba4b-49ee-8fca-2053324817d0,"Unclassified",669.0,107.0,19.0,16.0,229.0,677.9890747070312,114.63973999023438
167,ea8ddd88-e26f-449c-ae5f-b9be1c2829cd,"Unclassified",91.0,206.0,17.0,18.0,228.0,99.67982482910156,215.7236785888672
168,d35feef9-3840-4c9f-8733-122dab94bcbd,"Unclassified",344.0,559.0,16.0,21.0,228.0,352.7412414550781,570.2280883789062
169,ccb1efe1-7441-4411-a5a8-26c0fc3eb496,"Unclassified",396.0,239.0,13.0,21.0,227.0,402.27532958984375,249.5176239013672
170,bcb73c91-c5a4-4e18-8b02-e70f35957894,"Unclassified",780.0,620.0,20.0,15.0,227.0,790.5528564453125,627.7423095703125
171,45700ba2-3fc1-440b-ad8b-44bbd7b3eff7,"Unclassified",668.0,181.0,17.0,18.0,226.0,676.4425048828125,190.30088806152344
172,6b08c816-f5d8-4a6d-b0a5-58aba17d4f3e,"Unclassified",526.0,433.0,18.0,20.0,226.0,535.0309448242188,442.8097229003906
173,0ac956de-37ba-466e-a6c9-a6c1cc2c8fd3,"Unclassified",864.0,523.0,15.0,21.0,226.0,871.0619506835938,533.0663452148438
174,b08ba8d0-cdc9-4d28-ba57-343b40402269,"Unclassified",437.0,91.0,24.0,15.0,225.0,448.2466735839844,98.2155532836914
175,5362a341-44d9-4bad-b063-4b95cbc82ecd,"Unclassified",117.0,151.0,19.0,19.0,225.0,127.15333557128906,160.94888305664062
176,9226e576-502a-4f2b-955d-23e0958bab89,"Unclassified",770.0,338.0,17.0,17.0,225.0,778.3133544921875,346.59332275390625
177,ffd7003d-a255-422e-832e-d7ff6d56e399,"Unclassified",755.0,539.0,19.0,17.0,224.0,764.7276611328125,547.5
178,b01e295e-54c8-487e-a493-ef85eee44be6,"Unclassified",56.0,378.0,17.0,22.0,222.0,64.43243408203125,388.70269775390625
179,545987ff-8fbf-4adc-b189-d91e8287b0d8,"Unclassified",614.0,403.0,18.0,19.0,221.0,622.9841918945312,412.9886779785156
180,fb25bdc3-f043-4264-aa8a-98bd389f56c0,"Unclassified",505.0,556.0,19.0,19.0,221.0,514.771484375,565.7398071289062
181,82f34daf-b1ff-41ac-bbbc-f88655e8389d,"Unclassified",576.0,313.0,15.0,20.0,218.0,583.3486328125,322.9862365722656
182,ea1d754f-6a62-4369-82ee-31e997225e01,"Unclassified",716.0,583.0,17.0,28.0,217.0,725.1174926757812,597.0299682617188
183,d94b0e71-9ca4-4270-a0ec-825226e3b7fb,"Unclassified",569.0,627.0,24.0,16.0,217.0,580.9147338867188,634.2373046875
184,652e70bc-6a61-4753-9437-9e300ebd96ff,"Unclassified",485.0,386.0,22.0,13.0,216.0,496.125,393.21759033203125
185,eda14d3b-f830-46fd-b28e-42a15272a175,"Unclassified",394.0,417.0,20.0,16.0,216.0,404.3981628417969,425.25
186,74d0767f-ec7d-4a6f-8819-ae5432d84f12,"Unclassified",830.0,270.0,18.0,18.0,215.0,838.779052734375,279.2581481933594
187,d06ef6df-833d-47d6-9782-d4564c4f9c86,"Unclassified",455.0,602.0,14.0,19.0,215.0,461.66278076171875,611.6256103515625
188,31011bc1-d1d8-4c31-99b6-55570adfe869,"Unclassified",106.0,710.0,16.0,17.0,215.0,114.0999984741211,718.4302368164062
189,8ff38f32-4946-4ecb-91c1-89fbaa32c426,"Unclassified",466.0,112.0,19.0,16.0,212.0,475.83489990234375,120.59906005859375
190,cc9ac429-e9bc-4573-bca2-f1300018767a,"Unclassified",666.0,156.0,15.0,27.0,211.0,672.315185546875,169.55686950683594
191,513aebd1-64d9-466a-bb96-c41524bc55f0,"Unclassified",787.0,225.0,21.0,17.0,211.0,796.1492919921875,234.93601989746094
192,410777fe-aca2-46df-87be-a0c229fe3662,"Unclassified",75.0,244.0,20.0,17.0,211.0,84.56635284423828,252.61373901367188
193,e7384d1e-f4a6-4c78-bb23-b7c97a680af7,"Unclassified",0.0,435.0,16.0,17.0,211.0,7.627962112426758,443.18719482421875
194,6118b18b-2a64-4a96-a41f-3a62545d7823,"Unclassified",93.0,650.0,20.0,16.0,211.0,103.08293914794922,657.9881591796875
195,bfeba173-926e-4860-b05f-f2572eb446d7,"Unclassified",441.0,695.0,16.0,16.0,211.0,449.3009338378906,702.765380859375
196,bb3592f1-6ffd-47f2-813e-9c5772fc9684,"Unclassified",33.0,83.0,13.0,21.0,210.0,39.47618865966797,93.490478515625
197,559ce204-2f63-440e-a603-d9b05a06ab17,"Unclassified",667.0,742.0,15.0,19.0,210.0,675.0904541015625,750.9285888671875
198,29f9392c-4e31-4904-bd4e-a37c0a85b73f,"Unclassified",675.0,154.0,13.0,21.0,209.0,681.964111328125,164.1746368408203
199,9e978618-1620-4c29-bf95-9d68d63ec8a2,"Unclassified",712.0,213.0,17.0,18.0,209.0,720.1506958007812,222.40431213378906
200,c21cdba9-36d0-4835-9ba7-df0045566ba6,"Unclassified",412.0,339.0,22.0,13.0,209.0,421.90191650390625,345.8110046386719
201,1b50f55d-7d97-4077-93d4-9dd4a0b4d83c,"Unclassified",860.0,350.0,17.0,19.0,209.0,868.0885009765625,360.1363525390625
202,e19b2137-a0ed-444e-bd94-ed02a514c86a,"Unclassified",633.0,473.0,17.0,16.0,209.0,641.0072021484375,481.4234313964844
203,709ade2d-7b53-49e7-aa0b-59c69e34cfc8,"Unclassified",242.0,79.0,16.0,18.0,208.0,249.6201934814453,87.63941955566406
204,d16fcc0f-43af-46a3-a3f9-aac83356aa1a,"Unclassified",250.0,117.0,18.0,20.0,206.0,258.86407470703125,127.76213836669922
205,8f54c4b1-e8fb-4f4e-99c4-142e09ae60d0,"Unclassified",621.0,208.0,17.0,17.0,206.0,629.878662109375,216.71844482421875
206,08e33d04-f798-4b2f-83a1-31a5f1df00d3,"Unclassified",750.0,294.0,12.0,22.0,206.0,755.9417724609375,305.09222412109375
207,77760b8a-e5a2-464b-a553-8536c8e81b09,"Unclassified",659.0,391.0,21.0,15.0,206.0,670.1796264648438,399.1067810058594
208,778cbea6-df1a-42f8-b3be-9ab0429c41c9,"Unclassified",667.0,451.0,24.0,14.0,206.0,679.6359252929688,458.3301086425781
209,b3eb1233-9d3b-4135-84d2-1eddf8f3ec3f,"Unclassified",181.0,313.0,16.0,16.0,205.0,189.1682891845703,321.1390380859375
210,dfb04fac-2b19-4e4e-aaa9-87c2f2ecfc8e,"Unclassified",573.0,402.0,17.0,16.0,204.0,581.4754638671875,409.8823547363281
211,865161e8-40da-44e6-9e08-99ef3ef75065,"Unclassified",71.0,495.0,17.0,16.0,204.0,79.3186264038086,503.2597961425781
212,22b1e5f0-f2e0-42da-95a0-b662fbcf820f,"Unclassified",553.0,361.0,16.0,17.0,202.0,561.287109375,370.0296936035156
213,84cfcaf3-9f10-4d48-8a3f-21c9e7e7e73f,"Unclassified",73.0,448.0,19.0,13.0,202.0,82.35643768310547,454.6188049316406
214,747f5fe5-3883-4839-b5b3-98cdf39915c3,"Unclassified",779.0,481.0,16.0,18.0,202.0,787.2425537109375,490.76239013671875
215,f605130b-dea7-4b92-ae73-4cca7f8d0f2b,"Unclassified",23.0,635.0,14.0,24.0,202.0,30.51980209350586,646.7574462890625
216,14ded0ea-9d77-431c-872a-121dbb4deb76,"Unclassified",274.0,145.0,14.0,19.0,201.0,281.3756103515625,154.80348205566406
217,6528cf8c-6695-41d4-b5f0-6e963343bcec,"Unclassified",84.0,196.0,14.0,25.0,201.0,90.22637176513672,207.54476928710938
218,257b72f4-4538-4bbb-b279-1ccac3fee185,"Unclassified",736.0,363.0,16.0,17.0,200.0,744.02001953125,371.20001220703125
219,c11b1cb8-275a-4655-bbb6-3100416a2e9b,"Unclassified",284.0,238.0,19.0,14.0,199.0,293.017578125,244.7713623046875
220,70ce3c5a-7bd0-4e0f-b792-f3fc6ac5e1d0,"Unclassified",381.0,327.0,11.0,22.0,199.0,386.24371337890625,338.4698486328125
221,1667c94f-1391-4c4d-bb60-32194f8e226f,"Unclassified",93.0,496.0,21.0,12.0,198.0,103.41413879394531,502.1212158203125
222,8d08dd63-35f1-438f-9932-60ff00035f60,"Unclassified",1.0,513.0,20.0,14.0,198.0,10.383838653564453,519.6060791015625
223,22bdd8bc-968b-4c74-902b-56aee7ed2be7,"Unclassified",410.0,522.0,22.0,13.0,198.0,420.18182373046875,528.7979736328125
224,be495ef1-5b03-48b8-ae47-54c81113e411,"Unclassified",832.0,603.0,16.0,17.0,198.0,839.3989868164062,611.4697265625
225,3b75d3a1-ce8c-403d-b861-9ffd78545933,"Unclassified",616.0,104.0,15.0,17.0,197.0,623.7284545898438,112.90101623535156
226,155a57ea-533e-4e90-a37d-78a318c5e640,"Unclassified",250.0,711.0,20.0,14.0,197.0,259.5863037109375,718.44921875
227,03c2b6e3-b670-49c1-b7f1-6e285e5cd35d,"Unclassified",645.0,520.0,15.0,18.0,196.0,652.7703857421875,529.0816040039062
228,bd9f0f1e-2126-45a0-937c-ef8ffb5dc637,"Unclassified",27.0,660.0,16.0,16.0,196.0,35.3775520324707,668.1428833007812
229,489dea52-2bc7-4b72-9595-b1921fc4dec2,"Unclassified",296.0,260.0,17.0,16.0,195.0,304.8435974121094,267.74102783203125
230,ce892de5-83e0-4eb3-9649-9560adf3e5f5,"Unclassified",296.0,563.0,16.0,16.0,195.0,303.556396484375,570.8230590820312
231,bdf2041f-f74c-4d75-b688-ee736becda2c,"Unclassified",803.0,615.0,20.0,17.0,195.0,811.7359008789062,624.1974487304688
232,d86757eb-0f98-4325-b9ad-880ff0c69723,"Unclassified",47.0,278.0,19.0,14.0,194.0,55.984535217285156,284.7577209472656
233,f75c5e8d-60c1-4140-a6a6-08f304a4e44f,"Unclassified",417.0,399.0,18.0,14.0,194.0,426.4845275878906,405.6082458496094
234,0e04e419-4c3e-4b34-b9f3-4b85adad89bf,"Unclassified",161.0,23.0,14.0,18.0,192.0,167.609375,32.59895706176758
235,f3195ebe-1d53-426d-9557-38137661265b,"Unclassified",548.0,381.0,18.0,14.0,192.0,557.2760620117188,387.8958435058594
236,16a06f71-aef2-497e-9d7f-b888eb2d965a,"Unclassified",862.0,503.0,15.0,17.0,190.0,869.0947265625,511.0789489746094
237,44aa53ac-1eea-47ab-9cb2-b562dc065943,"Unclassified",691.0,159.0,17.0,15.0,189.0,699.2460327148438,166.09788513183594
238,8f7333ae-fab8-4f19-b0ff-51ad46f1c373,"Unclassified",745.0,714.0,15.0,20.0,188.0,752.2446899414062,724.2553100585938
239,16dc1eb4-a618-45f9-a026-9e6367bb43f9,"Unclassified",76.0,716.0,15.0,17.0,188.0,82.88298034667969,724.9840698242188
240,44bafcfe-0c00-4a31-950e-007313d56e9d,"Unclassified",251.0,137.0,16.0,15.0,187.0,258.9224548339844,144.7032012939453
241,60794496-78cd-4c5d-8a6e-fc17a4a4f720,"Unclassified",721.0,141.0,15.0,16.0,187.0,728.7031860351562,148.70855712890625
242,4c3e684c-9e9d-4d06-9b39-e22b48b4eb11,"Unclassified",108.0,284.0,15.0,22.0,187.0,114.83155059814453,295.68182373046875
243,2f81a799-7a47-47ba-870c-908646cddfeb,"Unclassified",597.0,325.0,16.0,16.0,187.0,605.1845092773438,333.01336669921875
244,c4454ec3-e090-48b5-93e8-139b7a6851ee,"Unclassified",677.0,335.0,23.0,24.0,186.0,688.521484375,346.4731140136719
245,79f48812-eb8a-42cf-80f2-dbd9eda5df1d,"Unclassified",3.0,412.0,14.0,18.0,186.0,10.03763484954834,421.05914306640625
246,dac67959-8a52-41c0-8f76-aaf17d8b10ed,"Unclassified",764.0,266.0,14.0,18.0,185.0,771.2243041992188,275.8405456542969
247,c6140f36-aa11-4b76-8cd6-95a9e7717451,"Unclassified",427.0,478.0,17.0,17.0,185.0,435.8297424316406,486.2729797363281
248,5eef3be7-0d3c-4d56-8265-0f73902ee437,"Unclassified",513.0,122.0,13.0,32.0,184.0,519.3152465820312,139.75543212890625
249,a708be54-77a9-4513-93d3-7a646443b64e,"Unclassified",697.0,529.0,13.0,18.0,184.0,703.771728515625,538.04345703125
250,4524c589-95d8-4dd0-844d-32dd8eeff3d0,"Unclassified",228.0,119.0,17.0,15.0,182.0,235.7087860107422,126.56044006347656
251,2e7369e3-5e38-479d-be00-4ba3565adac3,"Unclassified",564.0,32.0,25.0,15.0,181.0,575.8922729492188,39.02486038208008
252,12cc0c3c-6b65-41d3-bace-2f1b82e90a33,"Unclassified",402.0,99.0,23.0,15.0,181.0,414.4834289550781,106.38397979736328
253,c3986f3a-40af-40d1-aa85-3acdb6b8dd4a,"Unclassified",450.0,577.0,14.0,21.0,181.0,456.93646240234375,587.8204345703125
254,26f48169-1cc2-4406-9439-6d83fced9ae9,"Unclassified",587.0,70.0,30.0,11.0,180.0,602.9722290039062,74.5888900756836
255,1251ced5-e28d-499e-a82b-55a570026e32,"Unclassified",704.0,499.0,11.0,21.0,180.0,709.6722412109375,509.26666259765625
256,e726f0a3-df95-4e41-8d6e-a5afee5d7a15,"Unclassified",625.0,576.0,14.0,17.0,180.0,632.6555786132812,584.6777954101562
257,d33eab61-fd7f-4fa3-bb36-a67e4e8b7865,"Unclassified",408.0,697.0,12.0,25.0,180.0,414.1222229003906,708.7611083984375
258,cd842a92-ca60-4d29-afae-860b31aa7a6a,"Unclassified",210.0,105.0,15.0,16.0,178.0,218.03932189941406,112.92134857177734
259,10ed83d7-aa94-44be-94c5-6857891a3552,"Unclassified",615.0,188.0,14.0,17.0,178.0,622.05615234375,196.4157257080078
260,4180887e-dfa8-4b36-a61c-d2086650c91a,"Unclassified",496.0,333.0,15.0,18.0,178.0,503.9438171386719,342.1573181152344
261,a8b09e3c-fffa-4ae4-91be-9144e38d969b,"Unclassified",123.0,82.0,16.0,17.0,177.0,131.03672790527344,90.10452270507812
262,31221592-6c42-42a0-8efd-51108624bb9a,"Unclassified",713.0,250.0,20.0,13.0,177.0,722.9632568359375,256.5
263,8a6ca52a-396d-4787-b0cc-48c00dc4a865,"Unclassified",12.0,532.0,16.0,16.0,176.0,20.13068199157715,540.0113525390625
264,ad85304d-8984-46cf-b652-92c453d0f7a6,"Unclassified",141.0,663.0,17.0,14.0,176.0,149.88067626953125,670.4545288085938
265,145d5d83-2852-4924-b2be-6257f1aea85d,"Unclassified",72.0,123.0,12.0,21.0,175.0,77.31143188476562,133.9971466064453
266,46d72b90-5bed-4eb7-891e-06bc97e69d38,"Unclassified",687.0,190.0,14.0,21.0,175.0,693.6085815429688,201.1171417236328
267,92e7ebf1-f924-497e-b2e0-9d46b0c3f7d4,"Unclassified",687.0,498.0,14.0,17.0,175.0,694.0314331054688,506.42572021484375
268,025e6335-5664-4a21-b3cc-d640e113c8dd,"Unclassified",135.0,311.0,22.0,20.0,174.0,145.0,322.0057373046875
269,1a9dfdee-36f3-44fd-b82b-c8ef78a9f7c1,"Unclassified",73.0,514.0,24.0,17.0,174.0,83.8448257446289,521.8390502929688
270,5d02ff77-7e4a-4c59-87b8-443d035343d9,"Unclassified",651.0,105.0,15.0,16.0,172.0,658.7325439453125,113.30232238769531
271,e54e3a70-f842-4b39-b186-8fd3b607b9d3,"Unclassified",48.0,598.0,16.0,14.0,172.0,55.9360466003418,604.7442016601562
272,365126d0-27ca-42c4-8a8f-e6060b489007,"Unclassified",871.0,669.0,15.0,15.0,172.0,878.3779296875,676.093017578125
273,f2218df3-05fc-478e-8608-9d8d838e1872,"Unclassified",804.0,381.0,14.0,16.0,171.0,811.0321655273438,388.880126953125
274,d54632d5-a555-45da-9eca-77427554dfc5,"Unclassified",305.0,0.0,21.0,12.0,170.0,314.3235168457031,5.252941131591797
275,3ebc5060-b1a3-492e-9fc9-083b22e2d85a,"Unclassified",330.0,564.0,16.0,14.0,170.0,338.60589599609375,571.4000244140625
276,4a9c1c3a-7ad3-470f-8af0-ce3146f4eae7,"Unclassified",406.0,719.0,12.0,23.0,170.0,411.9058837890625,730.7411499023438
277,c0a0212f-01f2-4171-88f7-8603c17aab08,"Unclassified",758.0,322.0,16.0,15.0,169.0,765.4881591796875,329.95562744140625
278,ab985cf7-5c04-4037-b1fc-3cb90d55ed45,"Unclassified",124.0,328.0,18.0,13.0,168.0,132.8392791748047,334.5238037109375
279,bdb62ee2-2e30-47e5-aa1e-1e5d6cb62329,"Unclassified",683.0,417.0,15.0,15.0,168.0,690.5,424.9583435058594
280,d30f5ada-febf-4e4b-ab24-679b58075a8e,"Unclassified",846.0,562.0,13.0,17.0,167.0,853.1107788085938,570.943115234375
281,6b825469-5baa-4adb-9383-6fc7aea171f4,"Unclassified",438.0,319.0,14.0,19.0,166.0,444.5361328125,329.222900390625
282,0058184d-eb9e-4669-94ee-1d64cd26333f,"Unclassified",457.0,486.0,14.0,17.0,166.0,464.277099609375,494.0481872558594
283,1306c69c-d767-485a-ba1b-3d0104bbdba8,"Unclassified",828.0,383.0,17.0,19.0,165.0,835.227294921875,393.3908996582031
284,c7bfd6c0-8a5f-4b5e-83bc-c8b0e9f55492,"Unclassified",439.0,408.0,16.0,16.0,165.0,447.0697021484375,416.70001220703125
285,ab980cfc-3f79-46d6-9204-3bf41d972b25,"Unclassified",440.0,449.0,17.0,16.0,165.0,448.536376953125,457.4696960449219
286,b776a5fa-5259-4c95-af06-bb20cb4d7a6e,"Unclassified",480.0,140.0,16.0,12.0,164.0,488.0914611816406,145.75
287,c391a7db-3348-4789-a37e-24639a035ead,"Unclassified",629.0,147.0,14.0,19.0,164.0,636.0365600585938,157.2987823486328
288,c9428d70-d841-4812-858c-19f359d1ff7b,"Unclassified",361.0,38.0,15.0,16.0,162.0,368.54937744140625,45.5
289,7eed5d23-3ff8-4de9-a74f-07950999e13f,"Unclassified",150.0,369.0,11.0,19.0,161.0,154.8850860595703,378.61181640625
290,15d05d53-238e-4887-9269-6929344a575a,"Unclassified",485.0,551.0,16.0,13.0,161.0,493.42547607421875,557.2577514648438
291,8c4336b5-b364-471b-9873-7ce9fe3fb29e,"Unclassified",261.0,327.0,15.0,14.0,160.0,268.45623779296875,333.5874938964844
292,8d89d871-3c2c-4e41-bbe6-f5b8c1eb55e1,"Unclassified",344.0,536.0,15.0,15.0,160.0,351.04998779296875,543.65625
293,77f17958-9a0a-4ed5-87b2-58a4f656011c,"Unclassified",260.0,151.0,14.0,15.0,159.0,267.0660400390625,158.41195678710938
294,3891e4ad-f21e-4594-94cb-19efe606a767,"Unclassified",733.0,218.0,13.0,18.0,157.0,738.7738647460938,226.4044647216797
295,590bb836-ad1b-4733-91fe-504b38e25c97,"Unclassified",797.0,255.0,16.0,13.0,156.0,804.3846435546875,261.45513916015625
296,b5d5cbd7-2ccb-462e-988f-96ba73c28535,"Unclassified",128.0,518.0,16.0,17.0,156.0,135.5448760986328,526.0448608398438
297,ab36fb7a-b168-4273-ba97-f4135a202ddc,"Unclassified",330.0,636.0,7.0,24.0,156.0,333.4871826171875,647.8910522460938
298,4ee28d9b-bbe8-4838-9bf9-a0bb715520ac,"Unclassified",331.0,49.0,14.0,15.0,155.0,337.9903259277344,56.66774368286133
299,e15ea123-08b2-4ee4-a0e6-a0bf596cad93,"Unclassified",484.0,462.0,15.0,13.0,155.0,491.3774108886719,468.241943359375
300,037f6f9a-365a-45bd-9e39-44fa49810200,"Unclassified",450.0,683.0,18.0,13.0,154.0,459.3571472167969,689.0519409179688
301,fb6dc9ed-f558-49a3-bfe6-bd8e9eba618c,"Unclassified",200.0,17.0,11.0,17.0,153.0,205.8006591796875,25.66993522644043
302,360262b5-f56d-4351-b5e5-a6f59da36071,"Unclassified",462.0,33.0,15.0,14.0,153.0,469.7026062011719,39.97058868408203
303,bc7ee531-66cb-4c04-a274-5d87c329b95c,"Unclassified",708.0,64.0,23.0,12.0,153.0,720.1143798828125,68.6568603515625
304,cb164aa9-8fcc-4ee9-a34a-61f3a41ce9e9,"Unclassified",711.0,625.0,18.0,15.0,153.0,720.271240234375,632.7483520507812
305,7dad5ef8-f5ac-4275-b50a-88a4b0b0384f,"Unclassified",399.0,36.0,11.0,19.0,152.0,405.1118469238281,45.269737243652344
306,bbcc5db3-4fba-4bf4-8aa3-a9982bf04173,"Unclassified",743.0,230.0,15.0,14.0,152.0,750.26318359375,236.7105255126953
307,4b667473-0b7d-4516-8d95-809b4ca17a1c,"Unclassified",758.0,632.0,14.0,20.0,152.0,765.7171020507812,642.1513061523438
308,c58827cb-3275-4ea5-9553-bff53407144a,"Unclassified",392.0,644.0,24.0,9.0,152.0,403.97369384765625,648.4144897460938
309,de478f31-971e-4db1-aa9d-0d308f874231,"Unclassified",866.0,701.0,16.0,13.0,152.0,873.98681640625,707.743408203125
310,bc482d7a-7ceb-4a50-af00-525af88fe728,"Unclassified",458.0,175.0,14.0,14.0,151.0,464.7582702636719,181.8311309814453
311,fa920275-5379-4efb-82a7-08b6823bf2e3,"Unclassified",459.0,160.0,14.0,14.0,150.0,466.1866760253906,167.07333374023438
312,19f476cb-1ebc-40a6-8e9a-dd49bca301d6,"Unclassified",800.0,591.0,13.0,16.0,150.0,806.7000122070312,599.306640625
313,d26136ac-991d-4976-8bf5-4f6d5e21e10b,"Unclassified",351.0,691.0,14.0,14.0,150.0,357.8133239746094,697.9600219726562
314,c2546039-e6e9-4169-b6fc-c9154226c897,"Unclassified",50.0,203.0,18.0,11.0,148.0,60.02027130126953,208.44595336914062
315,6ec4f9dc-ec01-49b2-a4f4-4aa1d4c1bcc3,"Unclassified",670.0,204.0,16.0,15.0,148.0,677.0,210.53378295898438
316,1ae2d724-354f-4cf0-b4af-15a087e3e9b6,"Unclassified",138.0,575.0,12.0,17.0,148.0,143.79730224609375,583.2432250976562
317,a314ac06-1a24-429f-9e07-09d2b9cb0917,"Unclassified",112.0,130.0,15.0,13.0,146.0,119.2397232055664,136.6506805419922
318,d15dabd0-48a7-4781-b0e0-e69086ad8bf9,"Unclassified",751.0,330.0,13.0,19.0,146.0,757.8561401367188,338.84246826171875
319,b91b1f7f-ebd3-43c4-bcfc-47f0b8586588,"Unclassified",850.0,647.0,15.0,14.0,146.0,857.863037109375,654.2876586914062
320,ecef68b7-af19-4b6e-9e44-ab4ea449a83a,"Unclassified",659.0,304.0,19.0,10.0,144.0,668.0625,309.0138854980469
321,12d0997d-3ba6-4584-8d23-f670986e73c7,"Unclassified",36.0,740.0,13.0,16.0,144.0,43.01388931274414,748.8402709960938
322,5a13c881-0790-4f53-9903-27ad46d0f5ec,"Unclassified",434.0,248.0,18.0,10.0,141.0,442.31561279296875,252.69857788085938
323,9fdc6156-b25f-4669-85f4-426c7b6df219,"Unclassified",880.0,314.0,16.0,13.0,141.0,889.0319213867188,319.8688049316406
324,3dc14f60-68e0-4b31-b7c6-799d40f5da5d,"Unclassified",460.0,460.0,16.0,14.0,141.0,467.4432678222656,467.89715576171875
325,0d2195f4-7aa4-46e2-ab54-4befecabe6c4,"Unclassified",673.0,706.0,18.0,11.0,140.0,681.3285522460938,711.0785522460938
326,ad71836a-ac2e-4d67-9cb0-a4c83a8e2b20,"Unclassified",288.0,94.0,14.0,19.0,139.0,295.21221923828125,103.60071563720703
327,403f454c-b69f-4a81-aba2-8a1060c64567,"Unclassified",746.0,124.0,13.0,14.0,139.0,752.7805786132812,130.838134765625
328,0c753fcc-b11b-4e49-b9ee-0f002d908e70,"Unclassified",390.0,673.0,13.0,14.0,139.0,396.3633117675781,679.838134765625
329,49e94564-7a46-46c2-8038-24225c29bdb0,"Unclassified",614.0,53.0,13.0,13.0,138.0,620.5362548828125,59.41304397583008
330,3debb00e-7cd0-4946-bd30-c1d61a622d49,"Unclassified",205.0,83.0,14.0,12.0,138.0,211.44203186035156,89.31159210205078
331,4757ae79-c9e7-4f67-ace5-a50456ee110e,"Unclassified",468.0,569.0,14.0,18.0,138.0,474.5797119140625,578.1304321289062
332,f166a5d5-14d9-4bc4-a8ea-f3e2fef835d4,"Unclassified",553.0,642.0,15.0,14.0,138.0,559.8695678710938,648.9347534179688
333,0614ec02-6cfa-4862-8f61-48affa02b3b8,"Unclassified",820.0,649.0,12.0,15.0,137.0,826.07666015625,656.7627563476562
334,35ebaf44-5a54-4401-b554-a3573d5e266a,"Unclassified",885.0,687.0,11.0,16.0,135.0,890.781494140625,695.0407104492188
335,7ad0d1e7-105b-49bb-af54-57c71841d361,"Unclassified",740.0,241.0,13.0,14.0,134.0,746.3134155273438,248.08209228515625
336,c3469efd-8fd1-4c67-95bc-271532aaa73b,"Unclassified",415.0,380.0,13.0,13.0,133.0,421.868408203125,386.45489501953125
337,ffe1d092-ddca-4fe6-b666-ba0a5ada6789,"Unclassified",619.0,648.0,13.0,14.0,133.0,626.1466064453125,655.1616821289062
338,9b8a9388-ee69-43b1-9a19-77fda23903d2,"Unclassified",278.0,610.0,16.0,12.0,132.0,286.56817626953125,615.8787841796875
339,60fb28f9-7683-4118-939d-27133845419f,"Unclassified",34.0,215.0,15.0,11.0,131.0,41.45419692993164,220.72137451171875
340,2f76a5b8-2695-4f83-8cb8-d78dc8b33b1b,"Unclassified",3.0,630.0,13.0,13.0,129.0,9.236433982849121,636.5
341,7cb73ee2-2080-44f5-ad2c-738f261721df,"Unclassified",520.0,751.0,12.0,13.0,129.0,526.034912109375,757.7945556640625
342,2b6c246d-c0a2-4983-8c04-2879f410f625,"Unclassified",423.0,38.0,14.0,12.0,128.0,429.8828125,43.96875
343,78966571-4d98-4c9b-bcdc-41a90988c52e,"Unclassified",39.0,671.0,12.0,14.0,128.0,45.3515625,678.2578125
344,bf754077-61ad-43c4-9121-c1d8ef710c5a,"Unclassified",271.0,184.0,13.0,13.0,127.0,277.2480163574219,190.531494140625
345,2cfd1b68-1c1a-464a-99d2-700ed40f4f92,"Unclassified",401.0,598.0,12.0,16.0,126.0,407.1745910644531,605.59521484375
346,af2aa253-553a-43cf-ae57-a93fb0dcdeca,"Unclassified",165.0,658.0,14.0,14.0,126.0,172.73809814453125,663.8412475585938
347,807b391f-4339-4960-9fe9-012d71f1aca2,"Unclassified",256.0,224.0,13.0,13.0,125.0,262.1239929199219,230.6999969482422
348,60edf6cd-cad1-4b92-abee-be3aae785610,"Unclassified",586.0,296.0,11.0,16.0,125.0,591.4439697265625,303.9960021972656
349,94acfc5d-f5c5-4f92-8348-b5b4d09a36bb,"Unclassified",159.0,314.0,14.0,12.0,124.0,165.89515686035156,319.8790283203125
350,a808a686-12ea-47f0-8c55-955ca95a9f58,"Unclassified",855.0,482.0,12.0,14.0,124.0,861.01611328125,488.9032287597656
351,92c33e85-7fa9-4f74-b046-3c43aed02479,"Unclassified",487.0,31.0,12.0,12.0,122.0,493.0655822753906,37.081966400146484
352,5f481db8-d02a-49ad-88f3-a3d553954275,"Unclassified",450.0,402.0,16.0,12.0,122.0,458.2704772949219,407.68853759765625
353,f61a2baf-8ca4-4577-b564-e1ccabc8f72a,"Unclassified",139.0,356.0,15.0,14.0,120.0,146.34165954589844,362.9666748046875
354,2ee3610b-ba93-4ed5-9241-99fc59dc0f37,"Unclassified",121.0,727.0,15.0,10.0,120.0,128.8249969482422,731.6749877929688
355,aa1782e2-ce70-42dd-b94f-daac86287852,"Unclassified",94.0,115.0,12.0,13.0,119.0,99.7100830078125,121.84453582763672
356,3af31338-7a6f-4c99-8710-f550a0c57bbf,"Unclassified",781.0,177.0,19.0,21.0,119.0,790.3487548828125,188.5504150390625
357,72fcd8b1-bde8-4ba2-ba89-b6c38663bb6a,"Unclassified",299.0,281.0,12.0,13.0,119.0,304.8865661621094,287.5420227050781
358,57cd8364-4262-4fc8-8679-796304bd2325,"Unclassified",712.0,751.0,10.0,16.0,118.0,717.296630859375,760.0
359,c065cef2-50bd-41f2-a49b-b20cdc176cbc,"Unclassified",150.0,408.0,15.0,11.0,117.0,157.63674926757812,413.8247985839844
360,e7375fdd-edc6-45db-b3bd-801f9f9cd663,"Unclassified",102.0,245.0,9.0,17.0,116.0,106.82758331298828,252.8189697265625
361,d6ed2c89-8b8e-4fb3-84cc-9c570e9f7c96,"Unclassified",744.0,170.0,10.0,15.0,115.0,749.2391357421875,176.9956512451172
362,c1f3cb4e-2abf-4444-b23b-d8b1691f10cd,"Unclassified",880.0,720.0,16.0,10.0,115.0,888.569580078125,725.8043212890625
363,009d6674-5a1b-48f5-90a4-89e9032831d8,"Unclassified",200.0,196.0,20.0,8.0,112.0,210.875,199.7232208251953
364,03ff974b-6241-4d13-98d7-34e0588de323,"Unclassified",676.0,442.0,18.0,10.0,111.0,684.5180053710938,447.02252197265625
365,e3282ace-1789-424c-a329-f01b1109fccc,"Unclassified",95.0,480.0,14.0,10.0,111.0,102.17567443847656,484.9414367675781
366,b31711be-a697-4d6f-88dd-9cae0adce3ed,"Unclassified",34.0,415.0,10.0,19.0,110.0,38.78181838989258,424.4818115234375
367,37534b42-3d92-4af7-be7e-49ce7a8beaff,"Unclassified",719.0,565.0,13.0,22.0,110.0,725.7817993164062,575.536376953125
368,9b275ce0-295e-42de-9a1c-3975aa009e94,"Unclassified",366.0,495.0,16.0,10.0,109.0,373.7935791015625,499.7568664550781
369,e2f15cb8-66a3-42e0-886d-a3efc1793486,"Unclassified",408.0,62.0,13.0,17.0,106.0,414.2075500488281,70.25471496582031
370,a67e6744-05a3-4c62-bf65-3aea029eb88a,"Unclassified",150.0,344.0,15.0,9.0,106.0,157.66981506347656,348.5377502441406
371,379251fb-9e42-41c2-8dab-08d401418c72,"Unclassified",856.0,398.0,14.0,9.0,106.0,862.8113403320312,402.3584899902344
372,7976e7fc-d029-4a3c-b35e-453128bf7b50,"Unclassified",54.0,216.0,13.0,12.0,105.0,60.97618865966797,221.8333282470703
373,481e3a37-9d1a-4f98-804b-89c70d0da1c1,"Unclassified",82.0,135.0,8.0,18.0,104.0,86.11538696289062,144.73077392578125
374,788620f8-3c69-455b-9665-ee6c6ad98ead,"Unclassified",575.0,550.0,13.0,11.0,104.0,581.1153564453125,555.1538696289062
375,59fd50ff-4d56-4f17-b51a-c507328003aa,"Unclassified",443.0,301.0,9.0,15.0,103.0,447.47088623046875,308.4611511230469
376,6965bde1-a6e4-4aa3-93c4-3a7cacd70a80,"Unclassified",164.0,688.0,10.0,14.0,102.0,169.43136596679688,694.8431396484375
377,13633e2e-b3ea-4c84-bd3f-cf494de4a513,"Unclassified",847.0,173.0,11.0,12.0,101.0,852.5396118164062,179.34158325195312
378,023a3ede-a7e8-44d4-bd4b-6c1ae8016cae,"Unclassified",26.0,479.0,14.0,9.0,101.0,32.35148620605469,483.5989990234375
379,9f501e29-5c25-4153-bddc-0c27a77140ba,"Unclassified",707.0,171.0,12.0,12.0,100.0,712.9199829101562,176.1300048828125
380,83df9e7d-e6a3-41d3-b272-7a913a119037,"Unclassified",412.0,32.0,8.0,22.0,99.0,415.88385009765625,44.419193267822266
381,5708fed2-e886-48c5-9cd0-280b49605a29,"Unclassified",12.0,467.0,15.0,9.0,99.0,19.803030014038086,471.5404052734375
382,bd832487-e29c-4d24-83c4-84868331b0cc,"Unclassified",68.0,756.0,11.0,12.0,99.0,73.53030395507812,762.0353393554688
383,972d511d-b9db-4682-a3e9-b4b42a97316e,"Unclassified",871.0,348.0,12.0,13.0,97.0,876.9845581054688,354.4484558105469
384,c1d07f76-1697-4a25-9fab-00f2c0a394f0,"Unclassified",509.0,689.0,10.0,12.0,94.0,514.372314453125,695.0106201171875
385,3592b62a-12c7-4740-8c01-970274f355b1,"Unclassified",335.0,188.0,5.0,25.0,92.0,337.5434875488281,199.8369598388672
386,2968d443-d3df-4ca6-bd61-01fe4c6980b3,"Unclassified",162.0,412.0,10.0,13.0,92.0,167.4130401611328,418.75
387,bd03bc56-d8f8-4749-889b-da519f01e86f,"Unclassified",769.0,530.0,11.0,12.0,90.0,774.566650390625,536.0888671875
388,0ca283c5-28f0-44e3-9751-dccea91d6687,"Unclassified",463.0,143.0,10.0,13.0,89.0,468.61236572265625,149.96067810058594
389,f7eadada-019a-4cd8-a4c6-336b40120227,"Unclassified",242.0,148.0,11.0,12.0,89.0,247.1516876220703,153.96067810058594
390,45e317c8-007c-4af2-85ed-a6f0031930b9,"Unclassified",886.0,571.0,10.0,11.0,89.0,891.3876342773438,576.2078857421875
391,e214322d-ac29-4470-89a6-f47cb96459fe,"Unclassified",664.0,68.0,20.0,12.0,87.0,674.0977172851562,73.87931060791016
392,512a37d1-f5d4-44f1-bef3-8fc72a1423ce,"Unclassified",9.0,684.0,8.0,14.0,85.0,12.617647171020508,690.4764404296875
393,2402915b-f578-427e-af36-e0d4a47c75fc,"Unclassified",43.0,144.0,13.0,10.0,84.0,49.89285659790039,148.9761962890625
394,ce63704d-84cf-4dce-8124-7eee957a2d1b,"Unclassified",493.0,23.0,16.0,12.0,82.0,501.57318115234375,28.536584854125977
395,cb45541b-7250-467b-8dee-144a6ea4f515,"Unclassified",165.0,395.0,8.0,12.0,82.0,168.96340942382812,400.8658447265625
396,f1881faa-1aeb-4515-a8eb-1879daab7a06,"Unclassified",682.0,479.0,10.0,12.0,82.0,686.8048706054688,485.43902587890625
397,e6f5d310-9cb8-402a-8090-2efbbba3b8ed,"Unclassified",12.0,446.0,11.0,11.0,81.0,18.16666603088379,452.1666564941406
398,f43aaf40-ca72-4126-936d-d990075850cd,"Unclassified",149.0,712.0,14.0,9.0,80.0,155.85000610351562,716.0750122070312
399,253814f7-3773-4eaa-999f-fb0ead51fdde,"Unclassified",32.0,173.0,9.0,12.0,76.0,36.77631759643555,178.9605255126953
400,5b60777f-d31c-4ef5-be0e-6e9a8021e66e,"Unclassified",164.0,218.0,9.0,11.0,74.0,168.3378448486328,223.94595336914062
401,9f9fed6d-8543-4402-8005-9ab546cf9bc9,"Unclassified",89.0,723.0,10.0,10.0,74.0,93.93243408203125,728.4459228515625
402,3c0e6582-372c-4e4a-b61b-b4e1f121cfb3,"Unclassified",693.0,245.0,10.0,10.0,71.0,698.3450927734375,250.17605590820312
403,1264e49b-3a9c-42df-9dc2-529353effc16,"Unclassified",52.0,572.0,17.0,6.0,71.0,61.176055908203125,575.1619873046875
404,d6b79f58-5ac2-40d2-9f40-f6712a2554ab,"Unclassified",183.0,97.0,12.0,8.0,69.0,189.3115997314453,101.31159210205078
405,56a68450-da64-491f-825e-08da03bae3d7,"Unclassified",403.0,135.0,9.0,11.0,68.0,407.45587158203125,141.0441131591797
406,dfeb22ba-a06a-48e5-9e3b-6f72be07e75d,"Unclassified",234.0,177.0,7.0,10.0,56.0,237.5,181.9107208251953
407,b5aedb9d-2050-4153-b062-6334b870c73a,"Unclassified",24.0,761.0,12.0,6.0,51.0,30.656862258911133,764.12744140625
408,511d74bd-97ef-479b-93cf-5b31d7a6dc28,"Unclassified",759.0,116.0,14.0,9.0,43.0,766.0116577148438,120.75581359863281
409,1e214431-cc5f-487d-92ab-bdf30c000205,"Unclassified",0.0,9.0,4.0,15.0,37.0,1.7162162065505981,16.283782958984375
410,e756c599-cff9-4a13-ad77-ae506786d113,"Unclassified",443.0,567.0,6.0,7.0,29.0,446.0517272949219,571.086181640625
