ObjectID,ObjectType,Classification,Centroid_X,Centroid_Y,firstorder_10Percentile,firstorder_90Percentile,firstorder_Energy,firstorder_Entropy,firstorder_InterquartileRange,firstorder_Kurtosis,firstorder_Maximum,firstorder_Mean,firstorder_MeanAbsoluteDeviation,firstorder_Median,firstorder_Minimum,firstorder_Range,firstorder_RobustMeanAbsoluteDeviation,firstorder_RootMeanSquared,firstorder_Skewness,firstorder_StandardDeviation,firstorder_TotalEnergy,firstorder_Uniformity,firstorder_Variance,glcm_Autocorrelation,glcm_ClusterProminence,glcm_ClusterShade,glcm_ClusterTendency,glcm_Contrast,glcm_Correlation,glcm_DifferenceAverage,glcm_DifferenceEntropy,glcm_DifferenceVariance,glcm_Id,glcm_Idm,glcm_Idmn,glcm_Idn,glcm_Imc1,glcm_Imc2,glcm_InverseVariance,glcm_JointAverage,glcm_JointEnergy,glcm_JointEntropy,glcm_MaximumProbability,glcm_SumAverage,glcm_SumEntropy,glcm_SumSquares,gldm_DependenceEntropy,gldm_DependenceNonUniformity,gldm_DependenceNonUniformityNormalized,gldm_DependencePercentage,gldm_DependenceVariance,gldm_GrayLevelNonUniformity,gldm_GrayLevelVariance,gldm_HighGrayLevelEmphasis,gldm_LargeDependenceEmphasis,gldm_LargeDependenceHighGrayLevelEmphasis,gldm_LargeDependenceLowGrayLevelEmphasis,gldm_LowGrayLevelEmphasis,gldm_SmallDependenceEmphasis,gldm_SmallDependenceHighGrayLevelEmphasis,gldm_SmallDependenceLowGrayLevelEmphasis,glrlm_GrayLevelNonUniformity,glrlm_GrayLevelNonUniformityNormalized,glrlm_GrayLevelVariance,glrlm_HighGrayLevelRunEmphasis,glrlm_LongRunEmphasis,glrlm_LongRunHighGrayLevelEmphasis,glrlm_LongRunLowGrayLevelEmphasis,glrlm_LowGrayLevelRunEmphasis,glrlm_RunEntropy,glrlm_RunLengthNonUniformity,glrlm_RunLengthNonUniformityNormalized,glrlm_RunPercentage,glrlm_RunVariance,glrlm_ShortRunEmphasis,glrlm_ShortRunHighGrayLevelEmphasis,glrlm_ShortRunLowGrayLevelEmphasis,glszm_GrayLevelNonUniformity,glszm_GrayLevelNonUniformityNormalized,glszm_GrayLevelVariance,glszm_HighGrayLevelZoneEmphasis,glszm_LargeAreaEmphasis,glszm_LargeAreaHighGrayLevelEmphasis,glszm_LargeAreaLowGrayLevelEmphasis,glszm_LowGrayLevelZoneEmphasis,glszm_SizeZoneNonUniformity,glszm_SizeZoneNonUniformityNormalized,glszm_SmallAreaEmphasis,glszm_SmallAreaHighGrayLevelEmphasis,glszm_SmallAreaLowGrayLevelEmphasis,glszm_ZoneEntropy,glszm_ZonePercentage,glszm_ZoneVariance,ngtdm_Busyness,ngtdm_Coarseness,ngtdm_Complexity,ngtdm_Contrast,ngtdm_Strength,shape2D_Elongation,shape2D_Flatness,shape2D_MajorAxisLength,shape2D_MeshSurfaceArea,shape2D_MinorAxisLength,shape2D_Perimeter,shape2D_PerimeterSurfaceRatio,shape2D_PixelSurface,shape2D_SphericalDisproportion,shape2D_Sphericity,shape_Compactness1,shape_Compactness2,shape_Elongation,shape_LeastAxisLength,shape_MajorAxisLength,shape_Maximum2DDiameterColumn,shape_Maximum2DDiameterRow,shape_Maximum2DDiameterSlice,shape_Maximum3DDiameter,shape_MeshVolume,shape_MinorAxisLength,shape_SphericalDisproportion,shape_Sphericity,shape_SurfaceArea,shape_SurfaceVolumeRatio,shape_VoxelVolume
"02c9a9c5-3cb8-4ab8-b481-320c5ced3771","Annotation","invasive tumor",11411.055664,21225.951172,87.000000,179.000000,22686974.000000,2.495331,51.000000,2.431890,230.000000,135.977470,27.732541,138.000000,56.000000,174.000000,20.192978,140.212064,-0.135422,34.198693,22686974.000000,0.200047,1169.550619,17.179031,129.024748,-4.138860,7.199326,0.550901,0.857836,0.475544,1.172991,0.324759,0.774378,0.769764,0.991638,0.947989,-0.383715,0.000000,0.413475,3.939153,0.083730,4.010462,0.176691,7.878306,3.383401,1.937557,5.395005,157.986135,0.136903,1.000000,3.895810,230.854419,1.982997,17.603986,30.426343,511.045927,4.183210,0.127834,0.088228,1.717347,0.010571,191.110769,0.196011,1.977173,18.265641,9.421538,161.540513,1.220371,0.118278,4.761009,270.392821,0.277326,0.844887,3.818000,0.518882,9.903965,0.053540,16.065217,0.174622,2.523984,20.402174,957.369565,15464.119565,105.597000,0.124803,17.652174,0.191871,0.445002,9.272739,0.058782,5.185133,0.079723,800.030718,2.556456,0.012464,9.342346,0.025859,0.286044,0.132966,0.132966,109.676743,1208.000000,14.583261,227.763172,0.188546,1208.000000,3.417356,0.292624,0.198274,13.968048,0.132966,14.583261,109.676743,108.000000,16.000000,109.178753,109.178753,1208.000000,14.583261,3.417356,0.292624,227.763172,0.188546,1208.000000
"7ec438ee-ddc4-4411-91b7-551620afc775","Annotation","invasive tumor",11763.106445,21187.582031,63.000000,173.000000,244462255.000000,2.699860,63.000000,2.461303,250.000000,123.881847,34.494003,129.000000,37.000000,213.000000,25.894891,130.771717,0.043820,41.887111,244462255.000000,0.175057,1754.530076,22.445426,283.223303,1.170238,10.750811,0.570850,0.899158,0.451875,1.200917,0.366658,0.791751,0.785835,0.994446,0.959790,-0.442042,0.000000,0.367118,4.460990,0.079549,4.196709,0.162826,8.921981,3.560843,2.830415,5.582685,1845.278979,0.129086,1.000000,4.611521,2502.439524,2.850989,22.935432,37.311997,734.663169,4.039015,0.093201,0.069994,1.935034,0.006221,1826.331235,0.174185,2.708657,26.250358,15.429852,270.950310,1.946747,0.079040,5.207421,2672.232237,0.254862,0.733473,7.994673,0.498708,14.035719,0.036276,130.950413,0.154605,3.568447,29.799292,7871.186541,118426.840614,1104.519942,0.096954,140.208973,0.165536,0.407002,12.461368,0.045524,6.282167,0.059251,7586.346199,17.373318,0.001256,14.016727,0.021529,0.049976,0.394825,0.394825,231.781306,14350.000000,91.513117,590.517352,0.041151,14350.000000,1.933764,0.517126,0.564193,113.098849,0.394825,91.513117,231.781306,236.000000,114.000000,262.091587,262.091587,14350.000000,91.513117,1.933764,0.517126,590.517352,0.041151,14350.000000
"2089da22-30b4-4419-ae1d-8dbcafc8ac80","Annotation","invasive tumor",11146.459961,21138.138672,70.000000,163.000000,1796915213.000000,2.602887,53.000000,2.983913,245.000000,118.198014,30.135709,119.000000,16.000000,229.000000,21.737380,123.962314,0.363159,37.361542,1796915213.000000,0.188683,1395.884792,29.551765,222.716761,8.213119,8.695536,0.493873,0.892512,0.398214,1.127679,0.335299,0.814852,0.810282,0.995195,0.964493,-0.454872,0.000000,0.332012,5.244173,0.091084,4.019193,0.169943,10.488346,3.458714,2.297352,5.511476,15874.281333,0.135752,1.000000,4.646689,22063.786464,2.302324,29.844984,41.913508,1158.609436,2.188070,0.048549,0.058557,2.005625,0.002565,13917.082550,0.185181,2.343471,32.701879,19.937488,537.960561,1.077732,0.043977,5.387244,16745.702185,0.222819,0.642693,10.253545,0.462387,16.109367,0.018912,822.153876,0.160954,3.098620,37.574002,22363.257244,731027.040916,781.662614,0.043187,830.553250,0.162599,0.403542,15.347952,0.017381,6.647286,0.043682,21839.180738,115.159808,0.000159,12.557399,0.015428,0.006021,0.275522,0.275522,772.674475,117092.000000,212.888797,1848.611065,0.015788,117092.000000,2.322491,0.430572,0.831159,245.454036,0.275522,212.888797,772.674475,730.000000,216.000000,761.285754,761.285754,117092.000000,212.888797,2.322491,0.430572,1848.611065,0.015788,117092.000000
"3a43a793-26a7-4d8d-af39-687a73dc8b19","Annotation","invasive tumor",4399.902832,21018.398438,76.000000,160.000000,15324337.000000,2.324067,58.000000,2.089412,227.000000,114.558333,28.289877,110.000000,60.000000,167.000000,22.961311,119.118432,0.351348,32.643364,15324337.000000,0.219544,1065.589190,10.831232,85.245382,5.140378,6.497466,0.325170,0.904679,0.302861,0.935682,0.233445,0.852045,0.850800,0.995034,0.966591,-0.504991,0.000000,0.285632,3.047648,0.128430,3.431100,0.250485,6.095296,3.084665,1.705659,5.075191,160.983333,0.149059,1.000000,4.151478,237.107407,1.787394,11.420370,45.135185,478.001852,9.629833,0.213984,0.046977,0.736994,0.009746,117.537954,0.193957,2.043776,12.762376,21.646865,224.950495,4.649241,0.213193,5.370659,101.574257,0.167614,0.561111,8.942228,0.376966,5.538517,0.078149,5.066667,0.168889,4.195556,19.666667,6747.200000,56980.400000,1411.010339,0.254030,5.066667,0.168889,0.389585,10.367523,0.067314,4.548394,0.027778,5451.200000,2.202805,0.018702,7.507204,0.015887,0.534978,0.730263,0.730263,44.475369,1100.000000,32.478738,130.297352,0.118452,1100.000000,1.228199,0.814201,0.417267,61.863000,0.730263,32.478738,44.475369,44.000000,32.000000,54.405882,54.405882,1100.000000,32.478738,1.228199,0.814201,130.297352,0.118452,1100.000000
"c642a4f8-8cd8-4738-8279-380a45b9b351","Annotation","invasive tumor",4187.594238,21001.943359,87.000000,175.000000,54034114.000000,2.353100,64.000000,2.337131,248.000000,132.668069,32.051108,137.000000,67.000000,181.000000,26.388689,137.620500,0.285071,36.586686,54034114.000000,0.224191,1338.585580,16.225990,156.368516,6.848551,8.336322,0.364145,0.916293,0.327351,0.991419,0.256986,0.842231,0.840004,0.994454,0.964031,-0.500255,0.000000,0.297287,3.772658,0.136501,3.499654,0.244386,7.545315,3.094114,2.175117,4.952416,423.820890,0.148553,1.000000,4.607487,639.616193,2.220861,16.817385,45.119173,659.507185,6.038663,0.114571,0.051112,1.119896,0.004787,324.560917,0.195754,2.047467,19.821472,26.287093,337.030157,4.064422,0.089205,5.238320,340.808203,0.205554,0.581143,14.443200,0.432904,9.271506,0.035189,20.113402,0.207355,2.474014,26.051546,10807.680412,169253.958763,1273.649530,0.093466,16.463918,0.169731,0.404168,11.629749,0.034466,4.993494,0.033999,9942.592837,4.997949,0.006910,6.786025,0.020762,0.169951,0.579121,0.579121,80.530147,2858.000000,46.636726,212.519199,0.074359,2858.000000,1.257547,0.795199,0.520463,96.245917,0.579121,46.636726,80.530147,66.000000,66.000000,93.338095,93.338095,2858.000000,46.636726,1.257547,0.795199,212.519199,0.074359,2858.000000
"f1954167-9c4f-48ef-80bf-7e240d985951","Annotation","invasive tumor",3970.369629,20995.189453,132.000000,185.000000,64611285.000000,1.770704,18.000000,4.771321,244.000000,163.477474,15.496980,168.000000,92.000000,152.000000,8.686540,164.938630,-1.036198,21.905871,64611285.000000,0.383613,479.867177,16.843271,43.221554,-5.179301,3.053788,0.278158,0.833036,0.269252,0.866518,0.205661,0.866859,0.866265,0.994457,0.966467,-0.430115,0.000000,0.261459,4.018627,0.253189,2.753373,0.455849,8.037254,2.455022,0.832986,4.402929,389.049684,0.163810,1.000000,4.129074,911.080000,0.843840,17.168842,49.021895,814.250105,3.989801,0.085853,0.042964,0.816447,0.004402,337.561969,0.286555,1.210855,18.259762,34.636672,574.670628,2.635975,0.095260,5.130472,190.932088,0.162082,0.496000,18.377567,0.358063,7.080672,0.036806,19.061538,0.293254,1.910059,21.815385,28069.153846,450466.492308,1838.648342,0.116186,9.646154,0.148402,0.377826,7.686289,0.052337,4.885840,0.027368,26734.094675,5.305216,0.005101,5.262149,0.010232,0.112166,0.558742,0.558742,74.111399,2362.000000,41.409165,190.796833,0.080778,2362.000000,1.226458,0.815356,0.505648,90.844508,0.558742,41.409165,74.111399,46.000000,74.000000,87.132084,87.132084,2362.000000,41.409165,1.226458,0.815356,190.796833,0.080778,2362.000000
"0c589c0a-d995-4551-a9f9-83799b5ef545","Annotation","invasive tumor",3568.525635,20990.078125,77.000000,177.000000,83963706.000000,2.591780,63.000000,2.136873,241.000000,131.157216,32.909734,137.000000,48.000000,193.000000,26.196158,136.642046,-0.014965,38.325363,83963706.000000,0.185060,1468.833411,24.750583,181.290848,-0.966048,9.174520,0.534027,0.889988,0.428393,1.170111,0.350507,0.801639,0.796226,0.993617,0.958086,-0.433118,0.000000,0.351695,4.752942,0.086929,4.055449,0.180624,9.505884,3.443003,2.427137,5.543810,583.478986,0.129748,1.000000,4.663158,832.215032,2.431436,25.161663,38.661107,934.781855,2.672283,0.067002,0.066523,1.859130,0.004168,552.370558,0.175244,2.474799,26.355013,15.451777,378.155457,1.031176,0.064126,5.223974,761.651015,0.241641,0.700912,7.309734,0.489413,13.487352,0.029130,38.949791,0.162970,3.021901,29.292887,6807.828452,195432.979079,329.760377,0.064879,38.138075,0.159574,0.403275,12.711611,0.024988,5.885886,0.053147,6453.790375,5.767970,0.004090,10.406005,0.021469,0.115246,0.654526,0.654526,95.157720,4478.000000,62.283249,265.233281,0.059230,4478.000000,1.250150,0.799904,0.584880,121.544832,0.654526,62.283249,95.157720,60.000000,86.000000,104.861814,104.861814,4478.000000,62.283249,1.250150,0.799904,265.233281,0.059230,4478.000000
"bd9300e3-9cfb-4e7f-bdd4-4f3bddaa02f3","Annotation","invasive tumor",4062.089600,20976.423828,76.000000,178.000000,260633252.000000,2.608033,63.000000,2.257458,243.000000,133.567656,33.214408,142.000000,26.000000,217.000000,25.818838,139.240897,-0.176955,39.340928,260633252.000000,0.189505,1547.708638,25.906399,217.933176,-5.905494,9.766016,0.400900,0.921136,0.346510,1.034187,0.280831,0.835138,0.832147,0.995171,0.965831,-0.505587,0.000000,0.305007,4.854392,0.101585,3.887692,0.217654,9.708784,3.424197,2.541729,5.418953,1966.547422,0.146288,1.000000,4.356879,2547.519378,2.557676,26.230826,44.760619,1105.864837,3.288498,0.068607,0.048838,1.410707,0.003061,1389.659923,0.177933,2.543987,28.453521,23.718054,563.671447,1.839763,0.061495,5.569544,1495.878361,0.191534,0.580972,11.867181,0.412079,12.297272,0.023296,70.225058,0.162935,3.120321,31.995360,18439.092807,557072.800464,866.958075,0.064270,56.897912,0.132014,0.363471,11.378462,0.023381,6.415041,0.032061,17466.260787,14.369333,0.001543,8.720998,0.019252,0.045671,0.681353,0.681353,159.605533,13494.000000,108.747783,443.072919,0.032835,13494.000000,1.157710,0.863774,0.816306,236.759910,0.681353,108.747783,159.605533,156.000000,114.000000,193.214906,193.214906,13494.000000,108.747783,1.157710,0.863774,443.072919,0.032835,13494.000000
"5b87c150-c213-4f0a-b1d8-ac597f7337e2","Annotation","invasive tumor",4271.603516,20975.443359,93.000000,188.000000,190459738.000000,2.663025,49.000000,2.932710,246.000000,142.653767,30.150474,143.000000,45.000000,201.000000,20.623998,147.670926,-0.038174,38.165496,190459738.000000,0.185224,1456.605105,29.502816,262.003569,-0.462896,9.371591,0.372742,0.923496,0.318589,0.987615,0.271243,0.848302,0.845979,0.995533,0.968605,-0.535149,0.000000,0.283714,5.220451,0.100612,3.901239,0.190004,10.440901,3.483718,2.436083,5.502205,1322.722464,0.151445,1.000000,4.335580,1617.745592,2.431910,29.832952,46.807648,1356.762652,2.663208,0.055574,0.047961,1.549193,0.002414,860.889897,0.181584,2.431649,31.211559,26.182240,760.861422,1.485930,0.052937,5.711090,826.632567,0.174358,0.542821,12.607033,0.392640,12.858197,0.018798,49.652778,0.172405,2.737654,34.534722,9867.784722,295003.114583,471.761303,0.058120,44.590278,0.154827,0.395740,13.699593,0.017946,5.943448,0.032975,8948.094859,9.094435,0.002444,8.351522,0.017893,0.071221,0.467070,0.467070,162.968529,8772.000000,76.117664,433.189738,0.049383,8772.000000,1.702346,0.587425,0.548917,107.057017,0.467070,76.117664,162.968529,134.000000,122.000000,181.218101,181.218101,8772.000000,76.117664,1.702346,0.587425,433.189738,0.049383,8772.000000
"fe480ee1-28e0-4235-aec3-f5371574dddc","Annotation","invasive tumor",3778.624756,20979.576172,82.000000,184.000000,526871492.000000,2.692910,56.000000,2.810298,249.000000,135.847168,32.249586,140.000000,27.000000,222.000000,23.106693,141.670499,0.168564,40.200465,526871492.000000,0.180454,1616.077362,26.927571,296.233909,4.714900,10.204001,0.488150,0.908690,0.393426,1.120986,0.333366,0.817042,0.812587,0.994173,0.961479,-0.482066,0.000000,0.328527,4.949607,0.088281,4.086456,0.157405,9.899214,3.542659,2.673038,5.580459,3567.349472,0.135894,1.000000,4.618583,4737.092949,2.671385,27.234848,42.014666,1055.166737,3.110511,0.066361,0.057984,1.814565,0.003277,2993.261476,0.179840,2.543863,30.038272,19.867940,479.957943,1.532417,0.057063,5.451967,3589.566931,0.215667,0.634033,9.917638,0.453441,14.560834,0.023241,186.170384,0.166075,2.987295,34.361285,18615.695807,562174.579839,783.017491,0.056176,180.628903,0.161132,0.400068,13.782258,0.021215,6.318552,0.042703,18067.317232,33.218527,0.000741,9.170319,0.021977,0.021624,0.448645,0.448645,281.910465,26326.000000,126.477809,713.202797,0.027091,26326.000000,1.537557,0.650382,0.779813,216.064299,0.448645,126.477809,281.910465,276.000000,122.000000,301.761495,301.761495,26326.000000,126.477809,1.537557,0.650382,713.202797,0.027091,26326.000000
"c7e6207a-c055-4d94-8187-5d776bb35f06","Annotation","invasive tumor",3663.268311,20885.500000,89.000000,181.000000,7390583.000000,2.395160,47.000000,2.190245,203.000000,133.588235,26.698360,132.000000,70.000000,133.000000,19.657831,137.483624,0.023646,32.495080,7390583.000000,0.205971,1055.930194,16.196959,89.420064,-1.096804,6.219098,0.467173,0.860259,0.407740,1.106809,0.300921,0.806035,0.802073,0.990791,0.949858,-0.416639,0.000000,0.355736,3.841742,0.095572,3.765168,0.164478,7.683483,3.231676,1.671568,5.179845,55.322251,0.141489,1.000000,3.876100,80.534527,1.725290,16.797954,35.276215,598.342711,3.800591,0.115338,0.060854,1.198481,0.006115,58.094737,0.203841,1.790902,16.905263,11.754386,204.961404,1.211252,0.120070,4.826364,62.340351,0.218738,0.728900,4.225620,0.441228,7.824277,0.051399,4.100000,0.205000,2.027500,20.950000,1061.150000,16367.700000,103.433493,0.111979,2.300000,0.115000,0.256494,7.467286,0.011181,4.084184,0.051151,678.947500,1.057487,0.042074,5.737914,0.025072,0.673360,0.765852,0.765852,26.067214,390.000000,19.963615,76.997974,0.197431,390.000000,1.209718,0.826639,0.325665,37.682846,0.765852,19.963615,26.067214,20.000000,26.000000,32.802439,32.802439,390.000000,19.963615,1.209718,0.826639,76.997974,0.197431,390.000000
"ec2b509d-9bde-4d91-bc75-a0d9db1a3820","Annotation","invasive tumor",11823.255859,20987.703125,78.000000,187.000000,821463299.000000,2.677594,55.000000,2.448271,250.000000,138.744627,32.370664,144.000000,40.000000,210.000000,23.544641,144.376455,-0.158538,39.931058,821463299.000000,0.177628,1594.489379,27.864127,243.778569,-6.323319,9.890407,0.625621,0.881016,0.495530,1.245188,0.380072,0.771967,0.765137,0.993907,0.955909,-0.403873,0.000000,0.399368,5.054496,0.071712,4.268365,0.144512,10.108992,3.564765,2.629007,5.604428,5183.024360,0.131519,1.000000,4.260797,7000.156386,2.638195,28.313609,33.848334,869.036032,2.481640,0.061595,0.073033,2.316584,0.003865,5786.987740,0.183801,2.368507,30.589455,11.430840,286.587200,0.884268,0.052030,5.017154,8581.590186,0.272561,0.798929,5.164075,0.519358,16.575523,0.024568,397.479596,0.167219,2.785507,34.347497,6087.420698,172652.431216,333.979691,0.050707,345.320572,0.145276,0.375091,12.866503,0.020650,6.532070,0.060316,5812.547455,44.300184,0.000417,14.699096,0.020958,0.015723,0.524415,0.524415,365.008596,39414.000000,191.415965,1273.145226,0.032302,39414.000000,3.272620,0.305566,0.489507,85.137239,0.524415,191.415965,365.008596,328.000000,264.000000,421.046316,421.046316,39414.000000,191.415965,3.272620,0.305566,1273.145226,0.032302,39414.000000
"f6465fc1-645c-47bc-9bf1-b5135cc711d1","Annotation","invasive tumor",4111.671387,20866.259766,101.000000,185.000000,11498318.000000,2.215576,63.000000,1.710499,235.000000,139.971223,29.778505,133.000000,83.000000,152.000000,25.605227,143.806912,0.250573,32.992193,11498318.000000,0.244630,1088.484783,11.048851,80.154605,5.442183,6.845042,0.423851,0.883380,0.354885,1.056431,0.297907,0.832974,0.829454,0.991728,0.956561,-0.441445,0.000000,0.304717,3.073036,0.146226,3.407750,0.299808,6.146073,2.945595,1.817223,4.915530,75.010791,0.134911,1.000000,5.138709,136.014388,1.851078,11.746403,42.007194,481.116906,8.643802,0.203877,0.065028,0.998209,0.010357,74.722992,0.206989,1.745152,12.393352,18.171745,205.590028,3.647351,0.194291,4.836853,82.163435,0.227600,0.649281,8.683297,0.471450,6.245038,0.079076,6.757576,0.204775,2.413223,15.636364,1886.545455,17323.303030,379.194347,0.215644,5.484848,0.166208,0.383115,8.132991,0.038390,4.438334,0.059353,1602.674013,1.493654,0.031051,5.743848,0.024145,0.604950,0.765145,0.765145,30.736151,548.000000,23.517619,88.971150,0.162356,548.000000,1.149497,0.869945,0.368410,48.224294,0.765145,23.517619,30.736151,32.000000,24.000000,40.000000,40.000000,548.000000,23.517619,1.149497,0.869945,88.971150,0.162356,548.000000
"5c309bf8-d19b-40c7-8038-3b2101af830e","Annotation","invasive tumor",3574.675049,20824.349609,75.000000,167.000000,69433837.000000,2.395696,46.000000,2.464631,219.000000,128.367994,27.645884,130.000000,43.000000,176.000000,20.450718,132.700388,-0.387576,33.631105,69433837.000000,0.217263,1131.051240,23.333528,130.550636,-7.933692,7.296351,0.292171,0.922997,0.265769,0.886868,0.221537,0.871187,0.869746,0.995551,0.970755,-0.555091,0.000000,0.245705,4.645695,0.136782,3.453512,0.223631,9.291390,3.118984,1.897130,4.995868,704.895511,0.178771,1.000000,4.322129,856.667766,1.910213,23.632006,50.833629,1155.416434,3.614549,0.071284,0.041926,1.104202,0.002901,359.107667,0.195273,2.143049,25.475258,42.246873,938.669929,2.881122,0.070770,5.674085,293.966830,0.159851,0.466396,23.858213,0.367857,10.263224,0.023526,20.642857,0.184311,2.729273,28.267857,19759.348214,480387.651786,1138.022603,0.083365,16.214286,0.144770,0.360990,10.242929,0.027688,5.384370,0.028405,18519.931043,4.326785,0.005810,5.725747,0.015393,0.129233,0.759076,0.759076,85.689429,3950.000000,65.044788,257.914123,0.065295,3950.000000,1.340119,0.746203,0.538034,102.854002,0.759076,65.044788,85.689429,78.000000,74.000000,107.517440,107.517440,3950.000000,65.044788,1.340119,0.746203,257.914123,0.065295,3950.000000
"fb343d89-9455-4a89-a0fa-e866dbaea2cc","Annotation","invasive tumor",3704.730225,20822.255859,76.000000,190.000000,113697784.000000,2.748651,69.000000,2.158847,245.000000,138.170660,36.720197,145.000000,49.000000,196.000000,28.811756,144.755844,0.024969,43.163910,113697784.000000,0.167023,1863.123105,27.980199,309.885238,-0.723260,11.885406,0.589788,0.905446,0.461553,1.221563,0.376757,0.788706,0.781967,0.992955,0.954975,-0.442972,0.000000,0.366640,5.015605,0.075275,4.280435,0.177455,10.031210,3.620739,3.118798,5.649826,690.520088,0.127261,1.000000,4.780657,906.264652,3.110240,28.515481,36.734611,946.153889,2.726101,0.064704,0.068653,2.194537,0.003708,653.414317,0.160190,2.943857,31.308164,14.025006,351.999019,1.071798,0.055122,5.193792,1094.857318,0.268413,0.751751,6.946980,0.520401,17.180636,0.025284,55.225806,0.178148,2.686254,35.990323,3190.470968,88308.500000,192.431556,0.046203,38.767742,0.125057,0.332068,10.912889,0.018209,6.044877,0.057132,2884.108054,6.768624,0.003736,9.957313,0.027811,0.100774,0.579448,0.579448,116.241534,5448.000000,67.355942,322.172872,0.059136,5448.000000,1.516111,0.659582,0.531531,100.382883,0.579448,67.355942,116.241534,110.000000,80.000000,136.014705,136.014705,5448.000000,67.355942,1.516111,0.659582,322.172872,0.059136,5448.000000
"b4cf7caa-035b-49e3-af79-c2b5edf7ea7d","Annotation","invasive tumor",4040.019775,20815.509766,83.000000,202.000000,148227289.000000,2.735324,63.000000,2.337037,249.000000,143.893205,35.654696,151.000000,52.000000,197.000000,26.385996,150.272599,0.025228,43.319734,148227289.000000,0.175836,1876.599351,20.880005,328.564221,-0.660762,11.732846,0.503724,0.917669,0.399209,1.141624,0.344357,0.816143,0.810782,0.992443,0.956763,-0.484271,0.000000,0.323087,4.251203,0.090103,4.134900,0.223929,8.502405,3.563642,3.059143,5.577923,903.804083,0.137691,1.000000,4.787476,1154.188909,3.085489,21.385740,41.718464,841.051188,6.482666,0.133077,0.059149,1.429317,0.006213,687.314408,0.163959,2.845329,23.009542,21.820134,460.488073,3.260740,0.106359,5.415340,965.558683,0.230334,0.638635,12.012718,0.473126,11.460857,0.043356,55.034014,0.187191,2.968404,26.132653,14228.605442,328959.612245,964.145561,0.100423,41.993197,0.142834,0.376715,10.403359,0.035715,5.961981,0.044790,13730.131473,11.898697,0.003248,6.464814,0.032480,0.069341,0.689660,0.689660,112.829160,6572.000000,77.813718,314.506182,0.047855,6572.000000,1.197708,0.834928,0.664781,157.021790,0.689660,77.813718,112.829160,106.000000,86.000000,136.499084,136.499084,6572.000000,77.813718,1.197708,0.834928,314.506182,0.047855,6572.000000
"c4a52a74-4209-4d4a-b261-6ed608844814","Annotation","invasive tumor",4082.162598,20761.988281,95.000000,184.000000,61835181.000000,2.391123,43.000000,2.697922,236.000000,147.292143,26.782329,154.000000,67.000000,169.000000,18.852880,151.026466,-0.347623,33.376907,61835181.000000,0.237781,1114.017935,20.714381,126.412654,-7.754342,6.850814,0.479143,0.869264,0.403714,1.118644,0.316158,0.809805,0.805672,0.992757,0.955959,-0.415150,0.000000,0.346210,4.372810,0.123689,3.756868,0.289143,8.745619,3.211143,1.832489,5.234531,352.210623,0.129919,1.000000,4.647707,644.625231,1.877468,21.402066,39.258207,776.613427,3.545775,0.086012,0.068950,1.834451,0.004799,373.256247,0.198435,2.097713,23.342903,15.562998,307.224880,1.392104,0.080845,5.086477,440.502392,0.234185,0.693840,7.254139,0.476057,11.950263,0.035684,34.412500,0.215078,2.459023,30.218750,4730.043750,105836.556250,276.138793,0.066157,30.437500,0.190234,0.437573,14.282597,0.020349,5.265336,0.059019,4442.953086,4.627215,0.005681,7.849182,0.021333,0.132337,0.383442,0.383442,95.977583,2722.000000,36.801834,223.089860,0.081958,2722.000000,1.454996,0.687287,0.460886,75.472568,0.383442,36.801834,95.977583,50.000000,90.000000,102.956301,102.956301,2722.000000,36.801834,1.454996,0.687287,223.089860,0.081958,2722.000000
"a6685cff-d979-45c0-a0d4-c85126b6f01a","Annotation","invasive tumor",4739.919922,20869.031250,83.000000,173.000000,659519535.000000,2.479333,53.000000,2.368191,242.000000,134.127844,29.174311,142.000000,36.000000,206.000000,21.877860,138.602354,-0.229753,34.933279,659519535.000000,0.206361,1220.333981,25.594945,143.451391,-5.177532,7.735565,0.364179,0.910076,0.319777,0.989898,0.261922,0.847060,0.844539,0.995606,0.968418,-0.503232,0.000000,0.285111,4.873612,0.114388,3.708555,0.219946,9.747225,3.283399,2.024936,5.265344,5408.037080,0.157526,1.000000,4.401778,7084.568204,2.029257,25.878273,47.092744,1174.867234,2.952213,0.060649,0.045279,1.280412,0.002664,3546.458446,0.192638,2.113575,27.427974,29.773601,745.455622,1.823194,0.057612,5.607257,3319.020424,0.180284,0.536250,15.863659,0.401470,11.553600,0.022205,151.798310,0.160294,2.973306,30.872228,39662.617740,1232516.117212,1496.001160,0.063033,123.196410,0.130091,0.361501,11.570147,0.023000,6.766718,0.027584,38348.382980,33.911656,0.000607,8.254192,0.013957,0.018443,0.369884,0.369884,428.308341,34474.000000,158.424554,1152.890227,0.033442,34474.000000,3.068134,0.325931,0.496861,87.714593,0.369884,158.424554,428.308341,178.000000,404.000000,441.474801,441.474801,34474.000000,158.424554,3.068134,0.325931,1152.890227,0.033442,34474.000000
"afbf399b-0b7e-4f80-b2b8-f544d5f8c059","Annotation","invasive tumor",3983.624268,20625.265625,75.000000,182.000000,44137832.000000,2.584942,78.000000,1.664621,225.000000,128.422710,38.300925,131.000000,55.000000,170.000000,31.978112,135.246750,0.036572,42.418049,44137832.000000,0.185582,1799.290856,15.754804,211.121588,1.442313,11.163006,0.428053,0.926141,0.368061,1.068739,0.292584,0.825594,0.821968,0.993507,0.959762,-0.496087,0.000000,0.319098,3.615393,0.101299,3.868804,0.203032,7.230786,3.385573,2.897765,5.326390,334.568172,0.138652,1.000000,4.846014,447.809780,2.933737,16.388313,42.399088,595.941567,10.276203,0.197961,0.056698,1.148338,0.008001,260.208115,0.170293,2.623647,19.087696,21.290576,277.467277,5.435071,0.144015,5.286678,342.845550,0.224375,0.633237,11.315231,0.463745,9.568913,0.050609,21.091743,0.193502,2.514098,23.724771,4900.669725,57915.899083,1191.548308,0.101374,14.376147,0.131891,0.325242,7.800041,0.043609,5.421687,0.045172,4410.595741,4.230397,0.008802,6.868496,0.029197,0.211202,0.637399,0.637399,69.700325,2406.000000,44.426937,184.723014,0.076776,2406.000000,1.128591,0.886061,0.540679,103.867720,0.637399,44.426937,69.700325,44.000000,68.000000,80.993827,80.993827,2406.000000,44.426937,1.128591,0.886061,184.723014,0.076776,2406.000000
"56950d1d-95c8-46cf-a5ec-043da37f7da1","Annotation","invasive tumor",11654.211914,20501.093750,63.000000,180.000000,32379799.000000,2.789951,69.000000,2.246750,243.000000,122.302289,36.210766,121.000000,35.000000,208.000000,27.478187,129.795723,0.147851,43.463546,32379799.000000,0.157369,1889.079797,21.458651,277.814604,3.393191,11.151288,0.733814,0.876515,0.550734,1.329121,0.430505,0.752548,0.742806,0.991261,0.946542,-0.393469,0.000000,0.414131,4.342152,0.062575,4.445076,0.128264,8.684304,3.657312,2.971275,5.587629,247.963580,0.129013,1.000000,4.685348,302.464100,3.069727,22.494797,30.281998,530.680021,4.131317,0.104027,0.099965,2.890450,0.007600,286.297945,0.163412,2.835210,26.246005,8.892694,148.576484,1.266443,0.080881,4.810546,586.687215,0.334867,0.911550,4.078778,0.592092,16.694741,0.041327,26.046512,0.151433,3.436723,32.546512,1087.930233,16282.587209,155.988896,0.068500,37.581395,0.218496,0.477769,15.586210,0.033521,5.424370,0.089490,963.062601,3.418028,0.009179,11.558180,0.032500,0.247865,0.245467,0.245467,101.788015,1936.000000,24.985595,225.266043,0.116356,1936.000000,2.085817,0.479428,0.323063,37.083088,0.245467,24.985595,101.788015,88.000000,60.000000,106.508216,106.508216,1936.000000,24.985595,2.085817,0.479428,225.266043,0.116356,1936.000000
"169a34ac-4c81-4375-8a20-8d08f0ea6a51","Annotation","invasive tumor",3831.498047,20703.890625,79.000000,179.000000,1378310700.000000,2.609265,58.000000,2.485531,249.000000,135.159912,32.196870,143.000000,41.000000,208.000000,24.317637,140.616203,-0.044080,38.790653,1378310700.000000,0.189960,1504.714770,26.450052,226.789107,-2.108170,9.508350,0.415259,0.916309,0.357694,1.049871,0.287314,0.829951,0.826857,0.995002,0.964739,-0.497542,0.000000,0.314482,4.916989,0.098510,3.913932,0.208057,9.833978,3.438987,2.480902,5.445768,10004.345087,0.143520,1.000000,4.420518,13241.513923,2.492735,26.812558,43.988222,1106.635417,3.043715,0.063176,0.050295,1.533666,0.002709,7691.865963,0.185364,2.356173,29.137098,23.230625,567.536052,1.692970,0.055023,5.502959,8288.375843,0.199739,0.595292,11.943059,0.426497,13.167435,0.021107,383.922671,0.168683,3.041883,34.084798,61527.827329,2061376.100615,2086.584219,0.052992,333.272408,0.146429,0.373894,13.247437,0.017528,6.580170,0.032651,60589.815599,79.332232,0.000284,8.969583,0.019307,0.008487,0.698261,0.698261,433.880728,69682.000000,302.962199,1834.308374,0.026324,69682.000000,3.842503,0.260247,0.500423,88.976751,0.698261,302.962199,433.880728,360.000000,434.000000,563.875873,563.875873,69682.000000,302.962199,3.842503,0.260247,1834.308374,0.026324,69682.000000
"ba778383-0401-468a-a921-9ae38a9041bb","Annotation","invasive tumor",3598.786377,20490.935547,71.000000,174.000000,23287289.000000,2.657050,51.000000,2.965882,239.000000,118.448230,30.975785,113.000000,34.000000,205.000000,21.636267,124.723579,0.523954,39.063898,23287289.000000,0.185668,1525.988135,20.044930,271.907447,16.584392,9.374395,0.653322,0.869697,0.478846,1.259275,0.424028,0.785125,0.777697,0.992279,0.953614,-0.400328,0.000000,0.366676,4.226661,0.083901,4.230832,0.197028,8.453322,3.531081,2.506929,5.528012,198.517702,0.132610,1.000000,4.221738,277.944556,2.525040,20.648631,34.629927,636.164997,3.349614,0.093622,0.070573,1.757437,0.006131,191.860196,0.170846,2.726971,22.566340,12.536064,237.054319,1.207762,0.090879,5.154336,275.140695,0.245005,0.750167,5.428119,0.482130,11.930383,0.040687,14.555556,0.161728,3.373333,25.777778,2455.655556,38963.188889,209.254128,0.108732,11.955556,0.132840,0.347857,10.199250,0.027972,5.549698,0.060120,2178.987778,2.692639,0.011327,11.206003,0.024587,0.334217,0.313686,0.313686,79.335542,1494.000000,24.886423,178.429654,0.119431,1494.000000,1.695796,0.589694,0.353651,44.437791,0.313686,24.886423,79.335542,22.000000,76.000000,79.120162,79.120162,1494.000000,24.886423,1.695796,0.589694,178.429654,0.119431,1494.000000
"313cc470-063d-41ce-a151-bfed3f8470aa","Annotation","invasive tumor",11310.804688,20773.990234,77.000000,177.000000,5815531503.000000,2.645206,53.000000,2.600048,249.000000,130.356201,30.715381,134.000000,21.000000,228.000000,22.270789,135.742084,-0.023160,37.857289,5815531503.000000,0.182468,1433.174315,34.906704,208.102790,-1.556009,8.918198,0.567332,0.880379,0.454642,1.198206,0.360633,0.789574,0.783801,0.994475,0.959494,-0.418421,0.000000,0.372834,5.728786,0.078605,4.181766,0.164527,11.457572,3.534490,2.371383,5.611923,41098.260078,0.130216,1.000000,4.465343,57589.907904,2.374983,35.250110,37.267590,1225.976883,1.629971,0.040249,0.066086,2.569825,0.002436,42348.747028,0.183273,2.335983,37.684709,14.391857,460.734352,0.653137,0.036819,5.190781,57766.695511,0.249998,0.732118,6.929133,0.493798,19.346424,0.017249,2610.398609,0.159248,3.029579,41.585102,15303.088153,557079.388482,474.431986,0.036654,2480.391776,0.151317,0.384715,16.138536,0.014114,6.811505,0.051936,14932.358876,306.509572,0.000054,14.049471,0.017792,0.002007,0.597306,0.597306,930.841324,315718.000000,555.997236,4785.697704,0.015158,315718.000000,5.772731,0.173228,0.538030,102.852600,0.597306,555.997236,930.841324,1006.000000,658.000000,1202.081528,1202.081528,315718.000000,555.997236,5.772731,0.173228,4785.697704,0.015158,315718.000000
"4fcb450b-770b-4b25-b4f8-00b8b0693035","Annotation","invasive tumor",4389.026367,20704.279297,88.000000,179.000000,4588064646.000000,2.495093,48.000000,2.711356,251.000000,140.152770,28.391538,147.000000,10.000000,241.000000,20.471067,144.479377,-0.252053,35.092613,4588064646.000000,0.212431,1231.491509,39.254537,166.509930,-6.176825,7.843164,0.398199,0.903366,0.342249,1.028884,0.281065,0.837341,0.834414,0.996767,0.971828,-0.485029,0.000000,0.301015,6.115006,0.114875,3.777082,0.250440,12.230012,3.315703,2.060341,5.325282,32724.523201,0.148887,1.000000,4.427630,46691.182661,2.064826,39.588512,45.490248,1754.385819,1.557070,0.033178,0.048248,2.060211,0.001502,24404.391656,0.194869,2.129026,41.319815,26.027181,1010.725085,0.882715,0.031521,5.526336,23987.325484,0.191539,0.569781,13.706232,0.415842,17.914207,0.012467,1159.998539,0.169442,2.889003,46.180251,49675.620654,2294396.771691,1142.552370,0.030791,957.681858,0.139889,0.370834,17.597762,0.010943,6.947229,0.031147,48644.850518,136.799467,0.000086,14.176516,0.010046,0.004519,0.682283,0.682283,752.959289,219882.000000,513.731519,5386.043869,0.024495,219882.000000,10.498814,0.095249,0.313841,34.996295,0.682283,513.731519,752.959289,754.000000,634.000000,985.125373,985.125373,219882.000000,513.731519,10.498814,0.095249,5386.043869,0.024495,219882.000000
"38c7ecbe-e019-4110-96ec-cc499b10d895","Annotation","invasive tumor",11608.567383,20372.839844,69.000000,189.000000,78788317.000000,2.803834,62.000000,2.325893,242.000000,131.283600,35.798493,132.000000,29.000000,213.000000,26.632282,138.253749,0.068944,43.344152,78788317.000000,0.156647,1878.715544,25.148252,312.192030,1.899091,11.524502,0.879230,0.858231,0.608400,1.423469,0.509079,0.735613,0.722585,0.989620,0.941520,-0.352778,0.000000,0.419632,4.742039,0.055527,4.616161,0.097838,9.484078,3.701781,3.100933,5.707578,529.041727,0.128346,1.000000,4.565637,645.698205,3.100391,25.862688,28.977196,650.219796,2.908511,0.079946,0.101920,2.969029,0.007129,632.930745,0.166036,2.738264,27.877492,8.485310,186.434418,0.894903,0.067380,4.809206,1283.903463,0.336806,0.924794,3.808279,0.593699,16.917877,0.036968,66.680000,0.156894,3.109182,30.468235,961.854118,19579.515294,95.559023,0.072822,71.240000,0.167624,0.407222,12.707928,0.031192,5.938048,0.103105,867.786940,7.200585,0.004036,12.132823,0.034639,0.106611,0.331934,0.331934,129.416670,4140.000000,42.957778,288.628022,0.069717,4140.000000,1.601278,0.624501,0.476341,80.619031,0.331934,42.957778,129.416670,118.000000,68.000000,136.191042,136.191042,4140.000000,42.957778,1.601278,0.624501,288.628022,0.069717,4140.000000
"5c6bab16-561c-484c-9cbf-e6c20fe6df73","Annotation","invasive tumor",4052.326172,20200.304688,67.000000,171.000000,23495664.000000,2.417118,83.000000,1.436937,215.000000,119.689891,38.374179,117.000000,56.000000,159.000000,33.899576,126.684454,0.041631,41.512418,23495664.000000,0.208695,1723.280881,13.067094,181.818509,2.052553,11.078773,0.388681,0.932211,0.336359,1.020900,0.275544,0.840052,0.837053,0.992367,0.958666,-0.515323,0.000000,0.295199,3.224061,0.123532,3.589010,0.218544,6.448122,3.160671,2.866864,5.006571,218.648907,0.149350,1.000000,5.081405,305.530055,2.876791,13.702869,44.520492,509.719262,16.744313,0.287102,0.057892,1.024016,0.009347,160.421911,0.186972,2.371794,16.959207,25.034965,249.403263,11.523098,0.167618,5.148047,186.937063,0.217875,0.586066,13.389212,0.464748,8.741735,0.054929,16.049180,0.263101,1.823703,22.147541,4977.934426,50840.803279,1914.023851,0.089645,11.032787,0.180865,0.423129,8.387472,0.040775,4.593563,0.041667,4401.934426,3.364614,0.014435,4.708508,0.035057,0.275793,0.608659,0.608659,57.516186,1480.000000,35.007754,155.334063,0.104955,1480.000000,1.297364,0.770794,0.431307,66.096079,0.608659,35.007754,57.516186,38.000000,54.000000,66.030296,66.030296,1480.000000,35.007754,1.297364,0.770794,155.334063,0.104955,1480.000000
"ac5bd50d-037b-41d7-84f8-1ecb6e08ddea","Annotation","invasive tumor",4001.529297,20201.132813,61.000000,186.000000,30669934.000000,2.837046,76.000000,2.154628,245.000000,125.241540,40.182504,132.000000,35.000000,210.000000,31.793442,133.767624,0.146100,46.992911,30669934.000000,0.154295,2208.333724,23.276260,383.915515,8.326231,13.267940,0.677292,0.902864,0.530662,1.284349,0.395690,0.757392,0.749311,0.991899,0.948235,-0.419891,0.000000,0.418409,4.486491,0.063737,4.462249,0.129174,8.972981,3.723043,3.486308,5.641393,225.998833,0.131855,1.000000,4.354562,264.462077,3.536499,24.161027,30.558926,614.523921,3.594319,0.099972,0.084384,2.518929,0.008047,220.481431,0.148873,3.424374,27.349088,9.539500,189.577313,1.164351,0.088475,5.029250,451.121540,0.304606,0.864061,4.181885,0.556309,16.315545,0.048003,23.414286,0.167245,3.334898,33.271429,991.671429,19466.471429,107.501458,0.091373,16.871429,0.120510,0.318500,11.261986,0.034783,5.679128,0.081680,841.783878,2.879451,0.011354,10.410960,0.034562,0.310838,0.409263,0.409263,73.410458,1736.000000,30.044185,174.796084,0.100689,1736.000000,1.400567,0.713997,0.423816,63.819988,0.409263,30.044185,73.410458,32.000000,72.000000,78.790862,78.790862,1736.000000,30.044185,1.400567,0.713997,174.796084,0.100689,1736.000000
"ff01e8c0-7af8-4aaf-aa68-a54dcc6ec51b","Annotation","invasive tumor",3934.684326,20180.179688,77.000000,178.000000,59377240.000000,2.502321,37.000000,3.043146,234.000000,137.303340,28.279994,144.000000,47.000000,187.000000,18.089987,142.259065,-0.426755,37.221422,59377240.000000,0.218507,1385.434229,27.005596,222.631721,-10.288711,8.708790,0.474904,0.896577,0.412819,1.113952,0.304484,0.803610,0.799799,0.994268,0.959277,-0.442315,0.000000,0.361592,4.994710,0.108062,3.890523,0.224117,9.989419,3.352282,2.295923,5.332484,387.809816,0.132178,1.000000,4.459139,641.098160,2.300603,27.488412,38.205181,996.629516,2.596680,0.063993,0.061078,1.895518,0.003944,390.529865,0.188117,2.449537,29.498555,15.980732,404.743738,1.143371,0.059805,5.153388,508.174374,0.244785,0.707566,7.991123,0.487710,15.292182,0.028693,21.953846,0.168876,3.133787,34.407692,5475.646154,144475.592308,314.184363,0.072142,15.600000,0.120000,0.336764,12.532268,0.023527,5.770451,0.044308,4966.275976,3.839697,0.005291,10.132541,0.020020,0.175618,0.789310,0.789310,69.128054,2936.000000,54.563457,198.235026,0.067519,2936.000000,1.065111,0.938869,0.593486,125.147823,0.789310,54.563457,69.128054,58.000000,66.000000,87.863531,87.863531,2936.000000,54.563457,1.065111,0.938869,198.235026,0.067519,2936.000000
"e268319b-9ba2-419d-923c-29e063e65317","Annotation","invasive tumor",4288.866699,20129.404297,70.000000,161.000000,33303641.000000,2.508090,53.000000,2.749664,238.000000,120.410511,29.169623,124.000000,48.000000,190.000000,21.721151,125.573761,0.189157,35.638156,33303641.000000,0.199494,1270.078166,20.114097,161.841951,2.779883,7.764417,0.537381,0.870539,0.428659,1.176778,0.353633,0.802374,0.796508,0.993567,0.958096,-0.411776,0.000000,0.346667,4.278708,0.096064,3.940690,0.210970,8.557415,3.332154,2.075449,5.400558,271.630682,0.128613,1.000000,4.764764,421.331439,2.151041,20.924716,38.483902,726.111269,3.503813,0.082387,0.067455,1.720574,0.004820,270.912517,0.182310,2.358653,23.508748,14.952894,286.783311,1.321791,0.071807,5.127224,356.691790,0.240035,0.703598,6.872915,0.487631,12.756574,0.029927,20.305785,0.167816,2.930674,29.355372,3885.603306,85177.479339,231.117389,0.064374,17.578512,0.145277,0.367896,10.861901,0.028047,5.574365,0.057292,3580.942149,3.012671,0.008281,10.611455,0.018841,0.250363,0.782375,0.782375,59.143641,2108.000000,46.272497,170.621964,0.080940,2108.000000,1.098979,0.909935,0.533634,101.178626,0.782375,46.272497,59.143641,56.000000,48.000000,73.756356,73.756356,2108.000000,46.272497,1.098979,0.909935,170.621964,0.080940,2108.000000
"7946bb1a-81f9-472c-8470-23e79ea9b609","Annotation","invasive tumor",10984.669922,20397.781250,76.000000,163.000000,1790770480.000000,2.504785,50.000000,2.740815,243.000000,123.487913,28.145441,127.000000,17.000000,226.000000,20.748552,128.175412,0.007689,34.346348,1790770480.000000,0.202112,1179.671602,31.508052,149.665165,-0.578044,7.397627,0.437017,0.888440,0.373038,1.072787,0.297859,0.823153,0.819809,0.995724,0.966557,-0.458087,0.000000,0.325923,5.455997,0.100130,3.861029,0.198819,10.911993,3.355512,1.958661,5.408288,15182.292722,0.139286,1.000000,4.449172,22030.438005,1.960317,31.770268,42.888808,1295.110678,1.933493,0.043091,0.053182,1.852455,0.002169,13306.705906,0.197309,2.039095,33.896843,21.165997,631.382186,0.970454,0.040454,5.376531,14039.107057,0.208169,0.618719,10.717040,0.439239,15.580072,0.016979,661.746647,0.164368,2.918519,37.923994,48707.220318,1722326.660457,1456.725201,0.041188,590.526577,0.146678,0.374373,14.228753,0.015197,6.693459,0.036935,47974.204370,98.520838,0.000162,12.553462,0.012809,0.006372,0.521182,0.521182,599.896137,108822.000000,312.655119,2224.353955,0.020440,108822.000000,3.618105,0.276388,0.585243,121.695380,0.521182,312.655119,599.896137,374.000000,628.000000,730.930913,730.930913,108822.000000,312.655119,3.618105,0.276388,2224.353955,0.020440,108822.000000
"9e2c6071-175e-41b4-aef9-827460b51663","Annotation","invasive tumor",4618.779785,20185.789063,83.000000,174.000000,836822463.000000,2.520804,54.000000,2.578664,247.000000,133.974456,29.599951,141.000000,25.000000,222.000000,21.783881,138.709748,-0.085341,35.933820,836822463.000000,0.202715,1291.239386,25.742411,171.233811,-2.449205,8.210146,0.404697,0.906047,0.351064,1.038879,0.281452,0.832767,0.829795,0.995124,0.965369,-0.483677,0.000000,0.309925,4.877607,0.106640,3.813694,0.209883,9.755214,3.344161,2.153711,5.359539,6361.506932,0.146265,1.000000,4.509903,8816.702895,2.167234,26.085232,44.419539,1124.789989,2.836657,0.061179,0.049109,1.373403,0.002827,4969.890650,0.194928,2.130750,27.204934,24.385315,614.782789,1.582800,0.057332,5.466514,5097.802087,0.199945,0.586209,12.745271,0.429100,12.028795,0.023176,219.927895,0.160181,2.980125,30.045885,21558.788784,630878.721777,890.073414,0.061532,162.647487,0.118461,0.336377,10.548019,0.019281,6.886972,0.031568,20555.334352,47.680709,0.000446,8.805733,0.016090,0.013698,0.368399,0.368399,452.853101,43554.000000,166.830794,1456.889835,0.033450,43554.000000,3.878069,0.257860,0.441889,69.379047,0.368399,166.830794,452.853101,400.000000,208.000000,450.848090,450.848090,43554.000000,166.830794,3.878069,0.257860,1456.889835,0.033450,43554.000000
"543c94e8-0b55-4e8a-bb3a-41f56e6ffbd0","Annotation","invasive tumor",3965.270020,20099.623047,73.000000,185.000000,111171414.000000,2.753737,64.000000,2.408974,250.000000,133.033164,35.242641,136.000000,45.000000,205.000000,26.209487,139.668104,0.061055,42.536531,111171414.000000,0.162255,1809.356507,25.833860,296.336938,2.395228,11.163948,0.591061,0.899437,0.469977,1.223073,0.370182,0.783740,0.777069,0.994236,0.958171,-0.433718,0.000000,0.377379,4.815666,0.068912,4.303515,0.131106,9.631332,3.632747,2.938752,5.638324,746.017722,0.130903,1.000000,4.549335,924.690121,2.955454,26.407966,35.308124,838.595719,3.040631,0.070752,0.069351,2.155486,0.003850,734.890735,0.167287,2.661853,28.980879,13.188254,303.501935,1.271276,0.056998,5.110701,1182.278853,0.269128,0.770837,6.456397,0.516730,15.936235,0.026017,50.835366,0.154986,3.210580,34.509146,2196.655488,48643.643293,183.540884,0.051705,38.237805,0.116579,0.329931,12.133027,0.015716,6.374205,0.057554,1894.764863,6.267710,0.003406,13.443032,0.021542,0.124515,0.537940,0.537940,128.654049,5718.000000,69.208155,424.444751,0.074230,5718.000000,2.507196,0.398852,0.368924,48.358985,0.537940,69.208155,128.654049,92.000000,116.000000,148.054044,148.054044,5718.000000,69.208155,2.507196,0.398852,424.444751,0.074230,5718.000000
"0388035b-bd12-474e-be28-8c406bd2f66b","Annotation","invasive tumor",4352.125000,20343.380859,72.000000,183.000000,3157612770.000000,2.752673,61.000000,2.533766,250.000000,132.476366,34.537301,139.000000,29.000000,221.000000,25.266798,139.107313,0.048464,42.436506,3157612770.000000,0.170299,1800.857015,25.917191,342.524056,2.182566,11.504103,0.478475,0.920138,0.391977,1.116450,0.324829,0.816991,0.812548,0.995333,0.964999,-0.488937,0.000000,0.329070,4.812565,0.082706,4.156343,0.158249,9.625131,3.608095,2.995644,5.649270,22494.278146,0.137852,1.000000,4.584843,27788.930100,3.001408,26.257555,41.993633,1051.378289,3.536226,0.076883,0.054970,1.594421,0.003804,17528.034988,0.168437,2.792930,27.871117,19.851378,498.264282,1.700244,0.067837,5.521100,22658.230216,0.217736,0.637731,10.016133,0.454032,13.217302,0.028099,943.202811,0.150623,3.366411,31.621527,20641.117375,600989.157298,893.971939,0.072547,836.379112,0.133564,0.358640,11.791865,0.025953,7.093348,0.038376,19962.082997,163.230148,0.000130,11.632745,0.019136,0.005003,0.382997,0.382997,1008.238578,163206.000000,386.151932,4078.179845,0.024988,163206.000000,8.109363,0.123314,0.353559,44.414573,0.382997,386.151932,1008.238578,846.000000,580.000000,1025.727059,1025.727059,163206.000000,386.151932,8.109363,0.123314,4078.179845,0.024988,163206.000000
"41b933b0-cd79-433c-af85-c20165d51acb","Annotation","invasive tumor",4617.327637,19952.226563,83.000000,188.000000,1620171170.000000,2.654501,52.000000,2.583487,250.000000,139.622081,30.904989,144.000000,39.000000,211.000000,22.082763,144.895934,-0.031821,38.736369,1620171170.000000,0.182548,1500.506264,28.307157,237.344146,-1.035467,9.554311,0.387648,0.922018,0.340302,1.018692,0.271843,0.837197,0.834553,0.996197,0.969414,-0.514467,0.000000,0.303790,5.100538,0.095357,3.943561,0.181132,10.201077,3.494142,2.485490,5.504036,11491.108229,0.148906,1.000000,4.344234,14087.227627,2.484546,28.585033,45.281016,1244.294972,2.735660,0.057193,0.046924,1.452661,0.002555,7786.782355,0.177424,2.483146,30.309925,25.277342,687.102032,1.523233,0.052479,5.655522,8255.232638,0.188098,0.568718,12.910312,0.410617,12.985394,0.020168,341.501345,0.153140,3.239902,33.322422,42675.972197,1219320.236323,1694.485103,0.057088,289.397309,0.129775,0.354064,12.223398,0.021307,6.965954,0.028897,41478.439792,67.138134,0.000275,11.012242,0.014700,0.010598,0.757570,0.757570,384.121551,77064.000000,290.998929,1936.036631,0.025122,77064.000000,3.870488,0.258365,0.510395,92.558170,0.757570,290.998929,384.121551,358.000000,296.000000,464.521259,464.521259,77064.000000,290.998929,3.870488,0.258365,1936.036631,0.025122,77064.000000
"1fe611a6-e711-4d14-ad8b-145d8d2bd7e2","Annotation","invasive tumor",4316.870605,19962.529297,66.000000,185.000000,974353768.000000,2.806503,67.000000,2.357223,249.000000,129.905696,36.562933,135.000000,31.000000,218.000000,27.486603,137.275193,0.037587,44.373290,974353768.000000,0.159910,1968.988844,25.117426,366.723287,2.181428,12.392688,0.511386,0.920740,0.412214,1.151210,0.341466,0.809002,0.803743,0.993878,0.959653,-0.481316,0.000000,0.338373,4.706071,0.075454,4.259583,0.153891,9.412141,3.672670,3.226019,5.713818,6979.958940,0.134996,1.000000,4.741542,8268.160275,3.232723,25.496045,40.841176,981.685891,3.885411,0.086915,0.058303,1.621000,0.004602,5442.592812,0.158773,3.035087,27.269144,18.976925,446.328131,1.854840,0.077082,5.497429,7958.883661,0.232180,0.662973,9.876351,0.474842,13.367135,0.033986,319.745244,0.148374,3.470848,29.891879,9232.456148,253694.278886,520.213417,0.085616,276.277958,0.128203,0.349837,10.584488,0.028883,6.965924,0.041679,8656.790207,66.849996,0.000429,8.776361,0.026223,0.011896,0.590485,0.590485,357.264642,51682.000000,210.959258,1226.859855,0.023739,51682.000000,2.317612,0.431479,0.678535,163.585999,0.590485,210.959258,357.264642,292.000000,298.000000,417.214573,417.214573,51682.000000,210.959258,2.317612,0.431479,1226.859855,0.023739,51682.000000
"b9557a4d-14e2-4612-aa4a-8e924b144454","Annotation","rest",20215.000000,16615.000000,160.000000,233.000000,64388906188.000000,2.229426,44.000000,5.115841,255.000000,204.769722,25.986440,216.000000,10.000000,245.000000,18.565396,207.334260,-1.344280,32.509328,64388906188.000000,0.258983,1056.856405,78.371476,227.154608,-21.931170,6.908560,0.616827,0.836068,0.436244,1.231519,0.426519,0.807860,0.799569,0.995059,0.964755,-0.366959,0.000000,0.314526,8.763478,0.148571,3.641034,0.321327,17.526956,2.989160,1.881347,4.856992,228235.767948,0.152375,1.000000,5.849894,387917.476266,1.881215,78.684220,43.043433,3705.920920,0.555380,0.014796,0.068751,4.740899,0.001229,203642.184308,0.206922,2.049782,69.455095,58.825832,5619.521327,0.641199,0.017200,4.895398,288574.138358,0.293222,0.657040,49.560178,0.548879,36.631352,0.009884,14916.870361,0.171498,2.727689,65.164394,72288.042332,6959064.341780,759.306984,0.019631,14930.230030,0.171651,0.414354,27.177567,0.008207,6.528795,0.058070,71991.491599,710.904008,0.000010,20.163978,0.010677,0.000918,0.971014,0.971014,1434.138083,1497852.000000,1392.568835,4896.000000,0.003269,1497852.000000,1.273515,0.785228,2.466788,2162.051095,0.971014,1392.568835,1434.138083,1206.000000,1242.000000,1731.184566,1731.184566,1497852.000000,1392.568835,1.273515,0.785228,4896.000000,0.003269,1497852.000000
"dd4ccbdb-960e-4a92-a53e-1920b6f8fee6","Annotation","rest",20215.000000,16615.000000,160.000000,233.000000,64388906188.000000,2.229426,44.000000,5.115841,255.000000,204.769722,25.986440,216.000000,10.000000,245.000000,18.565396,207.334260,-1.344280,32.509328,64388906188.000000,0.258983,1056.856405,78.371476,227.154608,-21.931170,6.908560,0.616827,0.836068,0.436244,1.231519,0.426519,0.807860,0.799569,0.995059,0.964755,-0.366959,0.000000,0.314526,8.763478,0.148571,3.641034,0.321327,17.526956,2.989160,1.881347,4.856992,228235.767948,0.152375,1.000000,5.849894,387917.476266,1.881215,78.684220,43.043433,3705.920920,0.555380,0.014796,0.068751,4.740899,0.001229,203642.184308,0.206922,2.049782,69.455095,58.825832,5619.521327,0.641199,0.017200,4.895398,288574.138358,0.293222,0.657040,49.560178,0.548879,36.631352,0.009884,14916.870361,0.171498,2.727689,65.164394,72288.042332,6959064.341780,759.306984,0.019631,14930.230030,0.171651,0.414354,27.177567,0.008207,6.528795,0.058070,71991.491599,710.904008,0.000010,20.163978,0.010677,0.000918,0.971014,0.971014,1434.138083,1497852.000000,1392.568835,4896.000000,0.003269,1497852.000000,1.273515,0.785228,2.466788,2162.051095,0.971014,1392.568835,1434.138083,1206.000000,1242.000000,1731.184566,1731.184566,1497852.000000,1392.568835,1.273515,0.785228,4896.000000,0.003269,1497852.000000
"1bef003d-3f9d-4c89-9e20-142f90096cf9","Annotation","tumor-associated stroma",3807.973389,21028.720703,153.000000,190.000000,3965846.000000,1.353043,16.000000,3.696252,217.000000,170.814815,10.601372,171.000000,140.000000,77.000000,7.402616,171.396141,0.675083,14.104470,3965846.000000,0.476214,198.936077,5.573304,4.557501,1.031095,1.144118,0.411379,0.471065,0.363239,1.049352,0.279436,0.826404,0.823195,0.976651,0.928957,-0.136651,0.000000,0.321116,2.321663,0.294220,2.432139,0.498906,4.643326,1.970257,0.388874,3.934354,17.429630,0.129108,1.000000,4.812291,64.288889,0.406914,5.748148,34.777778,177.644444,7.795679,0.242490,0.095374,0.547832,0.039786,37.622642,0.354931,0.607334,6.169811,10.622642,53.962264,2.467898,0.281119,3.689741,26.811321,0.252937,0.785185,4.134567,0.477036,2.863437,0.174238,5.125000,0.320313,1.109375,6.750000,377.062500,1647.750000,91.031250,0.400174,3.500000,0.218750,0.437921,2.325364,0.242226,3.280639,0.118519,305.871094,1.854281,0.063198,1.845173,0.021948,0.309933,0.310717,0.310717,24.156042,150.000000,7.505684,59.254087,0.395027,150.000000,1.862668,0.536864,0.185541,12.231507,0.310717,7.505684,24.156042,26.000000,8.000000,27.202941,27.202941,150.000000,7.505684,1.862668,0.536864,59.254087,0.395027,150.000000
"8ccfbfa9-af47-4d1e-9afd-c238e3a78040","Annotation","tumor-associated stroma",3662.794922,20885.867188,83.000000,182.000000,10050196.000000,2.453827,56.000000,1.959403,203.000000,134.015267,29.390129,133.000000,70.000000,133.000000,23.006875,138.491023,-0.019636,34.923796,10050196.000000,0.192748,1219.671523,16.539480,103.519360,-0.340831,7.085338,0.475802,0.874145,0.421803,1.109910,0.297884,0.798098,0.794498,0.990606,0.948025,-0.421657,0.000000,0.374554,3.858380,0.086725,3.847713,0.137035,7.716760,3.310287,1.890285,5.250951,70.572519,0.134680,1.000000,4.195385,101.000000,1.970263,17.230916,34.824427,599.925573,3.914762,0.117385,0.065217,1.427164,0.006791,75.634761,0.190516,2.004403,17.803526,11.974811,204.488665,1.362361,0.118466,4.829179,101.191436,0.254890,0.757634,5.006275,0.504611,9.667632,0.056280,5.000000,0.200000,2.617600,24.520000,1527.840000,22066.840000,171.927071,0.128649,3.080000,0.123200,0.301646,11.342900,0.018543,4.073270,0.047710,1088.518400,1.436218,0.032634,5.775938,0.029451,0.508900,0.819188,0.819188,29.138151,520.000000,23.869615,87.092817,0.167486,520.000000,1.160784,0.861487,0.360957,46.292650,0.819188,23.869615,29.138151,24.000000,30.000000,38.418745,38.418745,520.000000,23.869615,1.160784,0.861487,87.092817,0.167486,520.000000
"1beab668-bab2-4ae1-a32e-51ff1a356a90","Annotation","tumor-associated stroma",4112.373047,20866.765625,103.000000,188.000000,16748580.000000,2.336573,64.000000,1.824175,237.000000,148.271093,30.556208,152.000000,83.000000,154.000000,25.389627,152.201821,0.009156,34.366805,16748580.000000,0.222392,1181.077269,13.410799,100.399055,0.923000,7.492406,0.453119,0.885944,0.379424,1.092264,0.309157,0.821659,0.817658,0.991145,0.953565,-0.440841,0.000000,0.323554,3.413353,0.122637,3.631931,0.228384,6.826706,3.119606,1.986381,5.078629,95.558783,0.132170,1.000000,5.147539,160.789765,1.980789,14.023513,40.634855,546.142462,7.108596,0.169614,0.066993,1.126618,0.008860,97.070103,0.200145,1.879962,14.884536,17.426804,239.567010,2.914869,0.158408,4.924426,114.764948,0.236629,0.670816,8.537800,0.479068,7.648698,0.064927,10.260870,0.223062,2.085066,17.739130,1717.673913,20628.369565,289.813888,0.167352,6.695652,0.145558,0.352709,6.782437,0.032584,4.689550,0.063624,1470.637524,1.750949,0.024341,5.510301,0.027401,0.417361,0.766325,0.766325,34.828774,722.000000,26.690152,99.756185,0.138166,722.000000,1.096813,0.911732,0.408839,59.389173,0.766325,26.690152,34.828774,36.000000,28.000000,45.607017,45.607017,722.000000,26.690152,1.096813,0.911732,99.756185,0.138166,722.000000
"376268d4-4d32-4edc-9079-b3ff41156d29","Annotation","tumor-associated stroma",3705.025879,20822.396484,77.000000,194.000000,131441364.000000,2.752925,68.000000,2.168011,245.000000,141.545561,36.390020,150.000000,49.000000,196.000000,28.309642,147.972788,-0.072235,43.136995,131441364.000000,0.167383,1860.800315,29.300915,309.611711,-4.508973,11.832149,0.598894,0.903645,0.467007,1.228950,0.380798,0.786501,0.779601,0.992849,0.954461,-0.438621,0.000000,0.369678,5.147096,0.074338,4.298012,0.180685,10.294193,3.627936,3.107761,5.666363,763.849242,0.127245,1.000000,4.751009,1004.799100,3.107025,29.905714,36.440613,989.531901,2.552600,0.061044,0.069838,2.327911,0.003550,739.922704,0.162943,2.896666,32.550099,13.810614,366.185862,0.996313,0.052173,5.179808,1225.725831,0.269924,0.756455,6.820349,0.522318,17.785853,0.024150,63.767908,0.182716,2.556908,36.590258,3253.412607,93958.372493,182.869931,0.044130,45.676218,0.130877,0.345880,12.008742,0.017384,6.078845,0.058138,2957.552894,7.344433,0.003283,10.148309,0.028246,0.089833,0.589891,0.589891,119.775040,6030.000000,70.654251,332.294897,0.055107,6030.000000,1.457203,0.686246,0.561638,112.076866,0.589891,70.654251,119.775040,114.000000,84.000000,141.605085,141.605085,6030.000000,70.654251,1.457203,0.686246,332.294897,0.055107,6030.000000
"7586c948-b105-4b3b-bbd3-5391916cbe30","Annotation","tumor-associated stroma",4040.267822,20815.871094,84.000000,204.000000,164869321.000000,2.741300,62.000000,2.333151,249.000000,146.175832,35.469832,153.000000,52.000000,197.000000,26.072803,152.470408,-0.040773,43.357253,164869321.000000,0.175230,1879.851345,21.768916,335.794119,-2.879416,11.868559,0.530908,0.914366,0.415886,1.168335,0.357947,0.809419,0.803493,0.992043,0.955023,-0.473702,0.000000,0.331857,4.351379,0.086726,4.185896,0.220213,8.702759,3.587211,3.099867,5.610656,956.510998,0.134872,1.000000,4.857707,1242.734631,3.087325,22.175550,40.705584,848.132121,6.093802,0.126912,0.063030,1.572223,0.006171,776.706046,0.165927,2.801408,23.879727,20.435377,442.544755,2.961664,0.100724,5.354998,1123.648152,0.240044,0.660039,11.253739,0.485671,12.213817,0.042178,66.470085,0.189373,2.749523,26.846154,13389.418803,314338.435897,865.354908,0.092965,54.663818,0.155737,0.396081,10.920388,0.033352,5.914771,0.049492,12981.171598,12.704924,0.002904,6.661731,0.033612,0.061831,0.691276,0.691276,116.813628,7112.000000,80.750432,325.052831,0.045705,7112.000000,1.182242,0.845851,0.684677,166.561266,0.691276,80.750432,116.813628,110.000000,90.000000,142.126704,142.126704,7112.000000,80.750432,1.182242,0.845851,325.052831,0.045705,7112.000000
"71037630-fe91-444b-afe1-c5ae81d7d592","Annotation","tumor-associated stroma",4082.077637,20762.052734,98.000000,197.000000,76577761.000000,2.500712,41.000000,2.864274,246.000000,152.803411,27.789002,158.000000,67.000000,179.000000,18.569954,156.967892,-0.169242,35.917085,76577761.000000,0.223557,1290.036964,22.994699,188.554042,-4.598375,8.009543,0.494658,0.883667,0.412988,1.135100,0.324099,0.806203,0.801661,0.992527,0.954998,-0.431237,0.000000,0.350088,4.595212,0.114503,3.899569,0.279549,9.190425,3.338693,2.126050,5.354710,406.005792,0.130632,1.000000,4.514005,694.814672,2.174696,23.694981,38.729730,849.846203,3.233014,0.078900,0.065534,1.734124,0.004419,416.840586,0.190949,2.281007,25.491067,15.175447,330.909757,1.255561,0.073877,5.132002,517.230875,0.236936,0.702381,7.067432,0.479470,12.771100,0.032994,39.082840,0.231259,2.247050,29.360947,5230.982249,120472.284024,290.582568,0.065539,25.781065,0.152551,0.390722,11.088860,0.019959,5.411132,0.054376,4892.770561,5.450304,0.005089,7.644099,0.024733,0.120338,0.413051,0.413051,98.863513,3112.000000,40.835640,234.196235,0.075256,3112.000000,1.402524,0.713000,0.489886,85.269128,0.413051,40.835640,98.863513,54.000000,94.000000,108.406642,108.406642,3112.000000,40.835640,1.402524,0.713000,234.196235,0.075256,3112.000000
"ac4ff024-7127-4766-83ae-dc68577efd9d","Annotation","tumor-associated stroma",3983.625244,20625.613281,76.000000,190.000000,55320893.000000,2.642391,80.000000,1.752917,249.000000,134.725590,39.140405,145.000000,55.000000,194.000000,32.375057,141.704548,-0.081449,43.922595,55320893.000000,0.178420,1929.194391,17.842739,248.702877,-4.024198,11.944617,0.434288,0.929834,0.373846,1.075255,0.294527,0.822754,0.819121,0.993412,0.959124,-0.499182,0.000000,0.324703,3.868482,0.094081,3.952542,0.177409,7.736965,3.457565,3.094726,5.397278,378.260254,0.137300,1.000000,4.689477,491.547368,3.121161,18.460254,41.852995,671.571688,9.167189,0.177653,0.055149,1.233003,0.007155,296.765969,0.167759,2.788021,21.284341,20.436405,305.362352,4.764752,0.128825,5.325769,396.052572,0.223885,0.642105,10.734712,0.459226,10.554601,0.045357,21.462810,0.177379,2.859641,26.314050,4907.776860,66396.743802,1091.254679,0.093489,12.950413,0.107028,0.292350,7.708697,0.038714,5.763570,0.043920,4389.367939,4.445123,0.007955,6.557534,0.030861,0.182743,0.665622,0.665622,72.835491,2750.000000,48.480892,196.089651,0.071305,2750.000000,1.112671,0.898738,0.565036,113.436741,0.665622,48.480892,72.835491,48.000000,72.000000,86.533231,86.533231,2750.000000,48.480892,1.112671,0.898738,196.089651,0.071305,2750.000000
"3327f0f6-cfe8-4598-b31a-3747510273fa","Annotation","tumor-associated stroma",3831.097412,20702.400391,80.000000,181.000000,1476741168.000000,2.625653,58.000000,2.477875,249.000000,136.813451,32.349913,144.000000,41.000000,208.000000,24.062106,142.308827,-0.068401,39.164806,1476741168.000000,0.188333,1533.881997,27.158532,237.289388,-2.671062,9.712309,0.419510,0.917190,0.360541,1.054698,0.289520,0.828740,0.825573,0.994952,0.964466,-0.497515,0.000000,0.316294,4.983506,0.096979,3.940184,0.209497,9.967012,3.459788,2.532955,5.471155,10405.356971,0.142697,1.000000,4.443941,13733.075426,2.542666,27.520866,43.814794,1134.550392,2.957929,0.061625,0.050768,1.581073,0.002665,8056.230773,0.184294,2.380562,29.808116,22.910326,575.475912,1.630883,0.053673,5.500117,8826.080569,0.201905,0.599487,11.780194,0.430435,13.566412,0.020774,408.792961,0.169272,3.012978,34.684472,62101.198758,2092274.143271,2081.129906,0.051575,357.141615,0.147885,0.373898,13.461450,0.017051,6.548621,0.033119,61189.508869,82.428036,0.000270,8.999465,0.019844,0.008091,0.700064,0.700064,438.266287,72938.000000,306.814446,1846.471483,0.025316,72938.000000,3.719816,0.268830,0.518639,95.572349,0.700064,306.814446,438.266287,364.000000,438.000000,569.508560,569.508560,72938.000000,306.814446,3.719816,0.268830,1846.471483,0.025316,72938.000000
"189f85d4-bfce-424f-ac0e-68acc78bf11f","Annotation","tumor-associated stroma",3598.690430,20490.392578,73.000000,178.000000,30822407.000000,2.682071,55.000000,2.649228,239.000000,122.905019,31.652168,119.000000,34.000000,205.000000,22.873077,128.972039,0.322395,39.091472,30822407.000000,0.178300,1528.143164,21.638558,246.456099,10.846005,9.534259,0.668163,0.869019,0.491090,1.270378,0.426994,0.779489,0.771899,0.992097,0.952415,-0.397878,0.000000,0.376604,4.407044,0.077064,4.297537,0.183527,8.814087,3.575714,2.550606,5.580343,248.104155,0.133893,1.000000,4.118949,330.390178,2.539892,22.247167,33.940097,682.873179,3.018931,0.085663,0.070956,1.848280,0.005540,238.367678,0.168220,2.681193,24.041637,12.097389,247.366267,1.068356,0.082879,5.145441,355.148200,0.250634,0.764706,5.257152,0.489433,12.612032,0.037983,18.135135,0.163380,3.188378,27.207207,2525.594595,42618.018018,199.120308,0.094410,14.135135,0.127344,0.342350,10.385476,0.023255,5.704761,0.059903,2246.915185,3.085368,0.009441,10.989752,0.024483,0.266516,0.348776,0.348776,83.443127,1850.000000,29.102975,189.515074,0.102441,1850.000000,1.544920,0.647283,0.400066,56.867555,0.348776,29.102975,83.443127,26.000000,80.000000,84.118963,84.118963,1850.000000,29.102975,1.544920,0.647283,189.515074,0.102441,1850.000000
"638f9a8a-fe6e-4528-94f5-a9198f0691c1","Annotation","tumor-associated stroma",4737.543945,20422.113281,142.000000,210.000000,75510470.000000,2.203122,31.000000,4.396785,244.000000,172.593522,20.727344,171.000000,55.000000,189.000000,13.340676,174.845762,-0.419974,27.973497,75510470.000000,0.267111,782.516557,30.328269,102.184494,-4.527047,4.753875,0.631255,0.765556,0.484861,1.252140,0.396164,0.779365,0.772059,0.990568,0.947687,-0.295773,0.000000,0.380294,5.412727,0.118304,3.749052,0.256985,10.825454,3.041506,1.346282,5.166445,320.666397,0.129824,1.000000,4.415343,659.765182,1.351956,30.568826,33.645344,1026.342915,1.487507,0.045996,0.078674,2.372210,0.003607,487.180717,0.245927,1.465386,30.508834,11.090358,341.964664,0.472605,0.046836,4.635489,544.561837,0.274892,0.802024,4.871868,0.523614,15.904220,0.023359,35.327485,0.206593,1.912041,29.859649,4227.263158,111342.017544,167.320010,0.050537,27.350877,0.159947,0.391610,11.293141,0.018411,5.435912,0.069231,4018.621183,4.235387,0.004757,10.202567,0.017604,0.131860,0.218455,0.218455,134.272154,2464.000000,29.332467,306.405890,0.124353,2464.000000,3.032101,0.329804,0.259191,23.869452,0.218455,29.332467,134.272154,124.000000,36.000000,129.120099,129.120099,2464.000000,29.332467,3.032101,0.329804,306.405890,0.124353,2464.000000
"80e31bf9-51ea-4c9d-ba51-408fc39af55f","Annotation","tumor-associated stroma",4764.390137,20359.541016,170.000000,204.000000,42453598.000000,1.364981,17.000000,3.966477,227.000000,185.748160,10.953079,185.000000,128.000000,99.000000,7.132506,186.313371,0.187026,14.501485,42453598.000000,0.481212,210.293077,9.029718,5.539606,0.137981,1.216568,0.243818,0.666091,0.240781,0.807080,0.185842,0.880116,0.879913,0.990647,0.959942,-0.314241,0.000000,0.238124,2.964208,0.339108,2.224417,0.551627,5.928416,1.970119,0.365096,3.955797,205.469338,0.168004,1.000000,4.309211,588.522486,0.390381,9.117743,49.670482,464.695830,6.066070,0.137437,0.045548,0.416561,0.008233,207.563333,0.345939,0.639664,8.771667,35.046667,329.910000,4.154905,0.167811,4.695649,100.423333,0.167372,0.490597,18.427456,0.358543,3.105296,0.072406,16.160000,0.323200,1.256400,9.900000,12927.860000,117610.180000,1446.771044,0.201011,7.480000,0.149600,0.341230,3.473816,0.072273,4.446370,0.040883,12329.568400,5.630560,0.009973,2.299622,0.008701,0.087774,0.289891,0.289891,81.919447,1230.000000,23.747739,184.221167,0.149773,1230.000000,2.195655,0.455445,0.277537,27.368060,0.289891,23.747739,81.919447,72.000000,30.000000,78.000000,78.000000,1230.000000,23.747739,2.195655,0.455445,184.221167,0.149773,1230.000000
"72e677ff-01ec-4852-9dba-89c01fb77928","Annotation","tumor-associated stroma",4052.305420,20200.546875,69.000000,174.000000,30939650.000000,2.393382,82.000000,1.492423,220.000000,126.738054,38.545403,141.000000,56.000000,164.000000,33.608564,133.462049,-0.226087,41.828032,30939650.000000,0.222835,1749.584234,15.099014,194.315658,-8.340373,11.296909,0.382915,0.934431,0.331243,1.013185,0.273194,0.842468,0.839546,0.992482,0.959295,-0.516093,0.000000,0.290966,3.517174,0.131855,3.563847,0.272252,7.034349,3.138831,2.919956,4.984260,259.472078,0.149379,1.000000,4.743394,387.064479,2.922185,15.720207,44.927461,619.575130,14.411469,0.248238,0.052780,1.000381,0.007984,194.048290,0.195220,2.358984,18.463783,25.798793,322.482897,10.114241,0.150022,5.197322,200.961771,0.202175,0.572251,13.583979,0.436411,8.615192,0.048702,19.606061,0.297062,1.877870,23.939394,8142.500000,135509.848485,1911.042422,0.083325,9.757576,0.147842,0.378402,8.109616,0.035959,4.654264,0.037997,7449.853306,3.393781,0.011851,4.532446,0.034824,0.228687,0.642604,0.642604,60.458134,1746.000000,38.850631,165.441799,0.094755,1746.000000,1.247488,0.801611,0.462915,76.138640,0.642604,38.850631,60.458134,42.000000,56.000000,70.000000,70.000000,1746.000000,38.850631,1.247488,0.801611,165.441799,0.094755,1746.000000
"b672d693-cce8-4f00-baa7-129b8c58d514","Annotation","tumor-associated stroma",4001.575195,20201.230469,63.000000,189.000000,38927923.000000,2.839096,75.000000,2.101681,245.000000,130.577855,39.754645,139.000000,35.000000,210.000000,30.879749,138.717954,-0.048590,46.819811,38927923.000000,0.154414,2192.094655,25.313484,376.735881,-1.112379,13.468126,0.678704,0.904049,0.528621,1.287515,0.399264,0.758968,0.750680,0.991885,0.948470,-0.418943,0.000000,0.413559,4.702779,0.061577,4.497406,0.118197,9.405558,3.740793,3.536708,5.679768,270.934750,0.133927,1.000000,4.206058,312.380129,3.512574,26.069204,30.884330,709.906080,3.244615,0.092404,0.081161,2.414233,0.007499,261.602213,0.152360,3.336002,28.405941,9.735585,219.949913,1.071035,0.084242,5.075784,502.495632,0.292659,0.848739,4.182796,0.542418,16.083641,0.045684,23.939597,0.160668,3.406964,32.523490,1113.604027,25013.503356,107.009319,0.091057,18.382550,0.123373,0.337901,11.274358,0.036636,5.859715,0.073653,929.264177,3.010005,0.009442,10.436466,0.034572,0.257193,0.448190,0.448190,76.123188,2050.000000,34.117654,185.170054,0.090327,2050.000000,1.330999,0.751315,0.459011,74.859658,0.448190,34.117654,76.123188,36.000000,76.000000,84.095184,84.095184,2050.000000,34.117654,1.330999,0.751315,185.170054,0.090327,2050.000000
"5d08bea6-37aa-4688-b482-73f15bae247a","Annotation","tumor-associated stroma",3934.813477,20180.410156,77.000000,182.000000,67345888.000000,2.527580,37.000000,3.068696,234.000000,139.092873,28.578714,146.000000,30.000000,204.000000,18.186557,144.150458,-0.495549,37.848743,67345888.000000,0.214898,1432.527320,27.816665,235.645070,-12.350211,8.942841,0.484781,0.897157,0.420428,1.122940,0.308021,0.800155,0.796221,0.994150,0.958536,-0.439492,0.000000,0.367480,5.069729,0.104251,3.936016,0.214404,10.139458,3.383706,2.356906,5.368725,429.921938,0.132651,1.000000,4.371623,696.484110,2.370018,28.269670,37.594878,1011.651342,2.493673,0.064600,0.061282,1.944874,0.004144,436.079897,0.187320,2.517530,30.174828,15.354811,399.364261,1.108662,0.061903,5.152664,575.094502,0.247034,0.718297,7.602127,0.489647,15.577176,0.031329,24.780822,0.169732,3.172500,35.102740,5200.157534,140106.904110,290.582080,0.073871,17.712329,0.121317,0.331450,12.696062,0.021779,5.809477,0.045048,4707.378354,4.083725,0.004883,10.011236,0.020559,0.160855,0.810234,0.810234,71.773994,3258.000000,58.153727,208.765022,0.064078,3258.000000,1.064522,0.939389,0.609382,131.941473,0.810234,58.153727,71.773994,62.000000,70.000000,93.509358,93.509358,3258.000000,58.153727,1.064522,0.939389,208.765022,0.064078,3258.000000
"c7e5fdc7-9d14-4a85-9ac2-7df0c2f51e35","Annotation","tumor-associated stroma",4288.857910,20129.740234,71.000000,172.000000,40923871.000000,2.624602,55.000000,2.835724,243.000000,124.994565,30.961557,128.000000,43.000000,200.000000,22.501251,130.800007,0.241201,38.535703,40923871.000000,0.186270,1485.000389,22.086105,224.237857,4.854708,8.988499,0.593585,0.876105,0.458616,1.225303,0.383257,0.791142,0.784113,0.992918,0.955327,-0.410166,0.000000,0.359297,4.470724,0.086791,4.125884,0.200194,8.941449,3.460792,2.395521,5.519814,302.160535,0.126321,1.000000,4.847454,445.558528,2.480517,22.873746,36.964883,745.617893,3.216348,0.079668,0.070615,1.908426,0.005160,296.644997,0.167691,2.752368,25.899943,13.711702,281.353307,1.170104,0.071175,5.152966,457.913510,0.258854,0.739548,6.398178,0.510304,14.535264,0.033351,23.503311,0.155651,3.250910,30.622517,3508.741722,78843.377483,200.722901,0.068500,19.953642,0.132143,0.331964,9.621734,0.025095,5.769659,0.063127,3257.802553,3.459724,0.007477,10.508833,0.022704,0.214247,0.785957,0.785957,62.668803,2392.000000,49.254967,181.152694,0.075733,2392.000000,1.091738,0.915970,0.553502,108.852983,0.785957,49.254967,62.668803,60.000000,52.000000,79.397733,79.397733,2392.000000,49.254967,1.091738,0.915970,181.152694,0.075733,2392.000000
"2c783b43-d701-42bf-a5b5-c89426a85afe","Annotation","tumor-associated stroma",11624.733398,20572.166016,108.000000,211.000000,22800236476.000000,2.657981,49.000000,3.244391,253.000000,165.174186,30.966456,171.000000,12.000000,241.000000,20.972339,169.831908,-0.706579,39.501456,22800236476.000000,0.187585,1560.365012,53.087076,308.976852,-21.351722,9.651653,0.734008,0.858650,0.545734,1.324177,0.436182,0.754823,0.745671,0.994096,0.955685,-0.355672,0.000000,0.413808,7.131456,0.071600,4.369790,0.152179,14.262912,3.564333,2.596415,5.655216,104010.920673,0.131576,1.000000,4.240437,148285.723741,2.596965,53.431290,31.821609,1736.003605,0.802956,0.025453,0.080803,4.184762,0.002142,123059.367087,0.183637,2.545442,52.455132,10.498036,598.268980,0.253538,0.025655,4.956696,196443.144138,0.293144,0.847724,4.931934,0.544375,28.137515,0.014010,8556.993681,0.154483,3.205186,51.495026,20086.466466,1254511.010814,332.542147,0.028288,8338.060064,0.150531,0.383746,19.497825,0.010831,6.844238,0.070071,19882.798306,552.334317,0.000019,20.271312,0.017758,0.001027,0.803346,0.803346,1405.445016,790504.000000,1129.059013,10087.406092,0.012761,790504.000000,10.243422,0.097624,0.440210,68.852863,0.803346,1129.059013,1405.445016,1208.000000,1150.000000,1667.862105,1667.862105,790504.000000,1129.059013,10.243422,0.097624,10087.406092,0.012761,790504.000000
"b4ce9cb8-f591-41f3-b59e-c3ef6d9ac7de","Annotation","tumor-associated stroma",10894.684570,20238.017578,122.000000,205.000000,671574782.000000,2.412928,37.000000,3.905801,248.000000,166.010590,25.153103,170.000000,31.000000,217.000000,16.013857,169.344965,-0.793752,33.439515,671574782.000000,0.230952,1118.201186,39.524417,188.620034,-14.667043,6.897088,0.542518,0.854154,0.444135,1.176972,0.345262,0.792918,0.787692,0.993497,0.956454,-0.379186,0.000000,0.370828,6.159202,0.104946,3.908388,0.211698,12.318405,3.283323,1.859901,5.372781,3108.122982,0.132724,1.000000,4.292212,5408.422410,1.866117,39.737638,36.990606,1506.868904,1.242473,0.035507,0.064919,2.526898,0.002592,3647.138084,0.212674,2.027752,38.665928,13.728497,570.578110,0.442378,0.037601,5.053227,4135.724940,0.241164,0.732300,6.269473,0.480623,18.246207,0.018776,196.078880,0.166309,2.892680,39.147583,10409.480916,436600.157761,264.870431,0.044008,172.740458,0.146514,0.382619,15.033197,0.017670,6.518601,0.050346,10014.958219,25.733329,0.000601,11.909861,0.017266,0.022763,0.514165,0.514165,318.679077,23300.000000,163.853723,1003.103528,0.043052,23300.000000,3.436574,0.290987,0.413773,60.831278,0.514165,163.853723,318.679077,174.000000,322.000000,366.005464,366.005464,23300.000000,163.853723,3.436574,0.290987,1003.103528,0.043052,23300.000000
"0f36eb7f-5437-4737-a164-8a6c63afbebc","Annotation","tumor-associated stroma",3965.495361,20099.435547,75.000000,190.000000,131466518.000000,2.771512,64.000000,2.355414,250.000000,136.342138,35.505371,140.000000,45.000000,205.000000,26.531011,142.922157,-0.014030,42.866822,131466518.000000,0.160156,1837.564421,27.185729,304.294155,0.067496,11.426755,0.590074,0.901792,0.469364,1.221845,0.369771,0.783943,0.777338,0.994247,0.958223,-0.436677,0.000000,0.377487,4.947379,0.067489,4.330767,0.134941,9.894758,3.659369,3.004207,5.671714,842.889062,0.130965,1.000000,4.494892,1030.762896,3.006350,27.753729,35.418583,892.386420,2.860035,0.066903,0.068485,2.200595,0.003629,816.183715,0.165320,2.707533,30.167511,13.235568,323.796233,1.190989,0.054541,5.143418,1309.804942,0.265304,0.767091,6.437808,0.511539,16.257844,0.024886,56.063712,0.155301,3.168975,35.479224,2398.304709,56166.783934,185.445956,0.049512,41.925208,0.116136,0.328928,12.368716,0.014714,6.417969,0.056091,2080.458038,6.823670,0.003049,13.290903,0.021891,0.109369,0.550202,0.550202,131.352251,6444.000000,72.270216,433.975322,0.067346,6444.000000,2.325759,0.429967,0.402145,57.460359,0.550202,72.270216,131.352251,96.000000,118.000000,152.118375,152.118375,6444.000000,72.270216,2.325759,0.429967,433.975322,0.067346,6444.000000
"01d627eb-0c84-4688-9ae1-87b9fc78ec8b","Annotation","tumor-associated stroma",3965.495361,20099.435547,75.000000,190.000000,131466518.000000,2.771512,64.000000,2.355414,250.000000,136.342138,35.505371,140.000000,45.000000,205.000000,26.531011,142.922157,-0.014030,42.866822,131466518.000000,0.160156,1837.564421,27.185729,304.294155,0.067496,11.426755,0.590074,0.901792,0.469364,1.221845,0.369771,0.783943,0.777338,0.994247,0.958223,-0.436677,0.000000,0.377487,4.947379,0.067489,4.330767,0.134941,9.894758,3.659369,3.004207,5.671714,842.889062,0.130965,1.000000,4.494892,1030.762896,3.006350,27.753729,35.418583,892.386420,2.860035,0.066903,0.068485,2.200595,0.003629,816.183715,0.165320,2.707533,30.167511,13.235568,323.796233,1.190989,0.054541,5.143418,1309.804942,0.265304,0.767091,6.437808,0.511539,16.257844,0.024886,56.063712,0.155301,3.168975,35.479224,2398.304709,56166.783934,185.445956,0.049512,41.925208,0.116136,0.328928,12.368716,0.014714,6.417969,0.056091,2080.458038,6.823670,0.003049,13.290903,0.021891,0.109369,0.550202,0.550202,131.352251,6444.000000,72.270216,433.975322,0.067346,6444.000000,2.325759,0.429967,0.402145,57.460359,0.550202,72.270216,131.352251,96.000000,118.000000,152.118375,152.118375,6444.000000,72.270216,2.325759,0.429967,433.975322,0.067346,6444.000000
"3aedbdee-147a-4994-a18e-4613657ed4a4","Annotation","tumor-associated stroma",4660.433105,19846.992188,155.000000,200.000000,31147816.000000,1.617104,25.000000,2.483237,218.000000,177.746162,13.913306,178.000000,126.000000,92.000000,10.383529,178.552740,-0.109061,16.952370,31147816.000000,0.368671,287.382854,7.232642,9.069264,-0.005619,1.850774,0.318119,0.706653,0.283264,0.919027,0.237880,0.863485,0.861853,0.982078,0.944430,-0.333560,0.000000,0.259298,2.617151,0.226821,2.664577,0.353804,5.234302,2.306981,0.542223,4.406543,145.804504,0.149237,1.000000,4.234153,360.191402,0.557460,7.455476,45.354145,331.271238,8.535575,0.203720,0.044697,0.337722,0.011151,177.431373,0.316277,0.731473,7.663102,22.014260,158.919786,4.022158,0.228275,4.650556,100.597148,0.179318,0.574207,9.882512,0.378603,2.938649,0.092744,8.818182,0.267218,1.026630,7.818182,4725.727273,30724.181818,886.078914,0.280303,2.575758,0.078053,0.223745,1.497874,0.085062,4.718488,0.033777,3849.208448,9.966498,0.011794,1.478988,0.024786,0.055969,0.316857,0.316857,73.845322,970.000000,23.398403,194.487381,0.200502,970.000000,3.103139,0.322254,0.201771,14.465104,0.316857,23.398403,73.845322,62.000000,62.000000,87.681241,87.681241,970.000000,23.398403,3.103139,0.322254,194.487381,0.200502,970.000000
"80d941eb-1fc7-4633-85e5-5b00a831a8c0","Annotation","tumor-associated stroma",4687.535645,19919.898438,150.000000,198.000000,32916518.000000,1.863456,20.000000,8.675279,232.000000,173.941784,16.577995,178.000000,57.000000,175.000000,8.764661,175.805371,-1.903449,25.530069,32916518.000000,0.357553,651.784404,30.906172,142.691477,-15.844989,4.070259,0.465128,0.794889,0.404415,1.105187,0.301576,0.807597,0.803864,0.992935,0.955732,-0.297974,0.000000,0.354254,5.477672,0.185162,3.172755,0.348971,10.955344,2.636111,1.133847,4.684388,145.416901,0.136542,1.000000,4.187079,380.793427,1.153126,31.263850,36.404695,1159.100469,1.836984,0.052025,0.063618,2.049440,0.002947,233.332056,0.297998,1.352975,30.786718,13.318008,429.070243,0.600201,0.052068,4.537799,186.724138,0.238473,0.735211,5.917940,0.466031,14.467613,0.021133,11.290909,0.205289,2.103802,32.654545,3890.490909,123875.490909,132.060852,0.058054,7.109091,0.129256,0.342402,12.579103,0.011067,4.860829,0.051643,3515.540496,1.670281,0.009871,9.102330,0.012882,0.354353,0.464737,0.464737,61.052683,1054.000000,28.373430,185.372698,0.175875,1054.000000,2.594425,0.385442,0.235612,19.724059,0.464737,28.373430,61.052683,66.000000,42.000000,78.230429,78.230429,1054.000000,28.373430,2.594425,0.385442,185.372698,0.175875,1054.000000
"88678b02-3125-44a5-8496-448e4925c45c","Annotation","tumor-associated stroma",4687.535645,19919.898438,150.000000,198.000000,32916518.000000,1.863456,20.000000,8.675279,232.000000,173.941784,16.577995,178.000000,57.000000,175.000000,8.764661,175.805371,-1.903449,25.530069,32916518.000000,0.357553,651.784404,30.906172,142.691477,-15.844989,4.070259,0.465128,0.794889,0.404415,1.105187,0.301576,0.807597,0.803864,0.992935,0.955732,-0.297974,0.000000,0.354254,5.477672,0.185162,3.172755,0.348971,10.955344,2.636111,1.133847,4.684388,145.416901,0.136542,1.000000,4.187079,380.793427,1.153126,31.263850,36.404695,1159.100469,1.836984,0.052025,0.063618,2.049440,0.002947,233.332056,0.297998,1.352975,30.786718,13.318008,429.070243,0.600201,0.052068,4.537799,186.724138,0.238473,0.735211,5.917940,0.466031,14.467613,0.021133,11.290909,0.205289,2.103802,32.654545,3890.490909,123875.490909,132.060852,0.058054,7.109091,0.129256,0.342402,12.579103,0.011067,4.860829,0.051643,3515.540496,1.670281,0.009871,9.102330,0.012882,0.354353,0.464737,0.464737,61.052683,1054.000000,28.373430,185.372698,0.175875,1054.000000,2.594425,0.385442,0.235612,19.724059,0.464737,28.373430,61.052683,66.000000,42.000000,78.230429,78.230429,1054.000000,28.373430,2.594425,0.385442,185.372698,0.175875,1054.000000
"6511f548-c85f-49a4-9fd1-a1de8446b67a","Annotation","tumor-associated stroma",4167.928711,20429.769531,94.000000,199.000000,38694662388.000000,2.638532,50.000000,2.795575,252.000000,155.203590,31.329659,162.000000,10.000000,242.000000,21.814645,160.094837,-0.560271,39.270886,38694662388.000000,0.189304,1542.202509,47.619676,269.211249,-17.648112,9.755656,0.471829,0.907733,0.394371,1.110807,0.316301,0.814608,0.810490,0.996174,0.967619,-0.464078,0.000000,0.336647,6.730432,0.090803,4.052525,0.177361,13.460865,3.503063,2.556871,5.563463,207015.059114,0.137121,1.000000,4.484471,285796.212576,2.556878,47.853954,41.861676,1966.909481,1.239249,0.028498,0.054887,2.727714,0.001491,176883.298923,0.183284,2.467176,49.004114,20.500364,968.635328,0.605828,0.027107,5.430124,210218.941321,0.217826,0.639242,10.711577,0.451503,22.467747,0.011832,9484.656740,0.160664,3.100942,52.043568,410810.723956,25427744.821527,6744.458425,0.027285,8159.121625,0.138211,0.364212,19.151196,0.009695,6.990472,0.039103,410156.707923,909.942755,0.000012,15.825622,0.013881,0.000639,0.959119,0.959119,1448.681263,1509951.494395,1389.457975,4916.272247,0.003256,1509951.494395,1.273793,0.785057,2.471350,2170.054254,0.959119,1389.457975,1448.681263,1256.149902,1204.599609,1740.394437,1740.394437,1509951.494395,1389.457975,1.273793,0.785057,4916.272247,0.003256,1509951.494395
"7bf7d4c6-4af6-413c-857d-21f67b5aafbe","Annotation","tumor-associated stroma",11416.554688,21207.896484,126.000000,221.000000,128651568.000000,2.555378,49.000000,2.870681,247.000000,170.388025,28.686551,168.000000,45.000000,202.000000,20.542170,174.149491,-0.244500,35.999533,128651568.000000,0.196078,1295.966363,41.853065,174.546397,-4.932447,7.655522,0.856176,0.798824,0.593291,1.403215,0.504182,0.740914,0.729120,0.989920,0.942939,-0.302343,0.000000,0.418666,6.336658,0.073923,4.325215,0.179872,12.673315,3.430869,2.127924,5.504803,555.933522,0.131055,1.000000,4.373106,831.762848,2.145883,42.119755,29.095710,1253.181990,0.859131,0.031686,0.096189,3.870387,0.003526,723.172131,0.185239,2.265068,41.244365,8.646516,372.247439,0.254035,0.033378,4.696645,1299.639857,0.332900,0.920321,3.923911,0.588055,23.661323,0.020430,67.340000,0.168350,2.694375,40.210000,1077.635000,47366.095000,27.646358,0.038666,59.960000,0.149900,0.384615,15.005973,0.016424,6.079374,0.094295,965.168975,5.315727,0.003257,14.858350,0.024667,0.108296,0.300306,0.300306,156.725881,4252.517228,47.065781,379.628673,0.089272,4252.517228,2.696883,0.370798,0.324364,37.382429,0.300306,47.065781,156.725881,165.719727,47.660156,172.436998,172.436998,4252.517228,47.065781,2.696883,0.370798,379.628673,0.089272,4252.517228
