Image,ObjectID,ObjectType,Classification,Centroid_X,Centroid_Y,NumPixels,PixelWidth_um,PixelHeight_um,firstorder_10Percentile,firstorder_90Percentile,firstorder_Energy,firstorder_Entropy,firstorder_InterquartileRange,firstorder_Kurtosis,firstorder_Maximum,firstorder_Mean,firstorder_MeanAbsoluteDeviation,firstorder_Median,firstorder_Minimum,firstorder_Range,firstorder_RobustMeanAbsoluteDeviation,firstorder_RootMeanSquared,firstorder_Skewness,firstorder_StandardDeviation,firstorder_TotalEnergy,firstorder_Uniformity,firstorder_Variance,glcm_Autocorrelation,glcm_ClusterProminence,glcm_ClusterShade,glcm_ClusterTendency,glcm_Contrast,glcm_Correlation,glcm_DifferenceAverage,glcm_DifferenceEntropy,glcm_DifferenceVariance,glcm_Id,glcm_Idm,glcm_Idmn,glcm_Idn,glcm_Imc1,glcm_Imc2,glcm_InverseVariance,glcm_JointAverage,glcm_JointEnergy,glcm_JointEntropy,glcm_MaximumProbability,glcm_SumAverage,glcm_SumEntropy,glcm_SumSquares,gldm_DependenceEntropy,gldm_DependenceNonUniformity,gldm_DependenceNonUniformityNormalized,gldm_DependenceVariance,gldm_GrayLevelNonUniformity,gldm_GrayLevelVariance,gldm_HighGrayLevelEmphasis,gldm_LargeDependenceEmphasis,gldm_LargeDependenceHighGrayLevelEmphasis,gldm_LargeDependenceLowGrayLevelEmphasis,gldm_LowGrayLevelEmphasis,gldm_SmallDependenceEmphasis,gldm_SmallDependenceHighGrayLevelEmphasis,gldm_SmallDependenceLowGrayLevelEmphasis,glrlm_GrayLevelNonUniformity,glrlm_GrayLevelNonUniformityNormalized,glrlm_GrayLevelVariance,glrlm_HighGrayLevelRunEmphasis,glrlm_LongRunEmphasis,glrlm_LongRunHighGrayLevelEmphasis,glrlm_LongRunLowGrayLevelEmphasis,glrlm_LowGrayLevelRunEmphasis,glrlm_RunEntropy,glrlm_RunLengthNonUniformity,glrlm_RunLengthNonUniformityNormalized,glrlm_RunPercentage,glrlm_RunVariance,glrlm_ShortRunEmphasis,glrlm_ShortRunHighGrayLevelEmphasis,glrlm_ShortRunLowGrayLevelEmphasis,glszm_GrayLevelNonUniformity,glszm_GrayLevelNonUniformityNormalized,glszm_GrayLevelVariance,glszm_HighGrayLevelZoneEmphasis,glszm_LargeAreaEmphasis,glszm_LargeAreaHighGrayLevelEmphasis,glszm_LargeAreaLowGrayLevelEmphasis,glszm_LowGrayLevelZoneEmphasis,glszm_SizeZoneNonUniformity,glszm_SizeZoneNonUniformityNormalized,glszm_SmallAreaEmphasis,glszm_SmallAreaHighGrayLevelEmphasis,glszm_SmallAreaLowGrayLevelEmphasis,glszm_ZoneEntropy,glszm_ZonePercentage,glszm_ZoneVariance,ngtdm_Busyness,ngtdm_Coarseness,ngtdm_Complexity,ngtdm_Contrast,ngtdm_Strength,shape2D_Elongation,shape2D_MajorAxisLength,shape2D_MaximumDiameter,shape2D_MeshSurface,shape2D_MinorAxisLength,shape2D_Perimeter,shape2D_PerimeterSurfaceRatio,shape2D_PixelSurface,shape2D_SphericalDisproportion,shape2D_Sphericity,shape_Compactness1,shape_Compactness2,shape_Elongation,shape_LeastAxisLength,shape_MajorAxisLength,shape_Maximum2DDiameterColumn,shape_Maximum2DDiameterRow,shape_Maximum2DDiameterSlice,shape_Maximum3DDiameter,shape_MeshVolume,shape_MinorAxisLength,shape_SphericalDisproportion,shape_Sphericity,shape_SurfaceArea,shape_SurfaceVolumeRatio,shape_VoxelVolume
"242B.tif","740966df-5f2e-4b65-a5d0-7303ac3549cc","Annotation","invasive tumor",25614.541015625,4142.46923828125,2398.0,0.45669399219053275,0.45669399219053275,110.0,187.0,5.2220708E7,2.361876127919901,34.0,3.6641190481304307,244.0,144.23769808173478,23.571828344582464,141.0,42.0,202.0,15.21278612087444,147.56956205929453,0.2503885976199423,31.18111765883802,5.2220708E7,0.24383538965262266,972.2620984543001,29.32852616628428,128.89029468347223,3.444446568286319,5.703969288427145,0.7989730143122474,0.7542733805355537,0.5994755817764666,1.3602700136697354,0.4396020411660141,0.730611092902145,0.7201194079729564,0.9904848071493377,0.9418118481540309,-0.26167775982058805,0.8407570254323945,0.45165974725955044,5.301158090243636,0.09340116379106449,4.075962071154367,0.21807057795258386,10.602316180487275,3.214066428096159,1.625735575684848,5.222641342768748,336.7839866555463,0.14044369752107852,3.7402206871030295,584.7172643869892,1.654756083224761,29.818181818181817,26.12677231025855,742.6096747289408,1.2129096436708928,0.04619928638987181,0.10218587794985784,3.286460883920337,0.00467346165644654,1142.0238374364985,0.22313869430177777,1.7577800485333925,30.70672137553732,5.691285658460336,161.48690894880812,0.263480975705524,0.046175002739578745,4.246353565387683,1965.307542008597,0.38399912895830346,0.5335696413678065,2.1787739782706863,0.63563933646184,19.86853047048761,0.029351268266321798,44.8235294117647,0.1883341571922887,2.501165171951138,33.8235294117647,1097.2857142857142,28591.882352941175,45.011550280164975,0.049320310134635864,39.36134453781513,0.16538380057905516,0.39910875698309006,13.668062513488906,0.017704273232742623,5.631518454551014,0.09924937447873228,995.7673893086645,4.109878847482087,0.004520797334151582,14.580185728351104,0.019795204315486772,0.1466834627672883,0.1727208939898517,136.6006950400372,140.0,2392.0,23.593794166950325,293.91557507312314,0.12287440429478393,2398.0,1.6952629905530527,0.5898789778179289,0.2678257550670925,25.486307699451928,0.1727208939898517,23.593794166950325,136.6006950400372,140.0,22.0,140.0,140.0,2392.0,23.593794166950325,1.6952629905530527,0.5898789778179289,293.91557507312314,0.12287440429478393,2398.0
"242B.tif","bb4b2aa1-e624-42ed-9687-68666c5f3a50","Annotation","invasive tumor",25614.541015625,4142.46923828125,2398.0,0.45669399219053275,0.45669399219053275,110.0,187.0,5.2220708E7,2.361876127919901,34.0,3.6641190481304307,244.0,144.23769808173478,23.571828344582464,141.0,42.0,202.0,15.21278612087444,147.56956205929453,0.2503885976199423,31.18111765883802,5.2220708E7,0.24383538965262266,972.2620984543001,29.32852616628428,128.89029468347223,3.444446568286319,5.703969288427145,0.7989730143122474,0.7542733805355537,0.5994755817764666,1.3602700136697354,0.4396020411660141,0.730611092902145,0.7201194079729564,0.9904848071493377,0.9418118481540309,-0.26167775982058805,0.8407570254323945,0.45165974725955044,5.301158090243636,0.09340116379106449,4.075962071154367,0.21807057795258386,10.602316180487275,3.214066428096159,1.625735575684848,5.222641342768748,336.7839866555463,0.14044369752107852,3.7402206871030295,584.7172643869892,1.654756083224761,29.818181818181817,26.12677231025855,742.6096747289408,1.2129096436708928,0.04619928638987181,0.10218587794985784,3.286460883920337,0.00467346165644654,1142.0238374364985,0.22313869430177777,1.7577800485333925,30.70672137553732,5.691285658460336,161.48690894880812,0.263480975705524,0.046175002739578745,4.246353565387683,1965.307542008597,0.38399912895830346,0.5335696413678065,2.1787739782706863,0.63563933646184,19.86853047048761,0.029351268266321798,44.8235294117647,0.1883341571922887,2.501165171951138,33.8235294117647,1097.2857142857142,28591.882352941175,45.011550280164975,0.049320310134635864,39.36134453781513,0.16538380057905516,0.39910875698309006,13.668062513488906,0.017704273232742623,5.631518454551014,0.09924937447873228,995.7673893086645,4.109878847482087,0.004520797334151582,14.580185728351104,0.019795204315486772,0.1466834627672883,0.1727208939898517,136.6006950400372,140.0,2392.0,23.593794166950325,293.91557507312314,0.12287440429478393,2398.0,1.6952629905530527,0.5898789778179289,0.2678257550670925,25.486307699451928,0.1727208939898517,23.593794166950325,136.6006950400372,140.0,22.0,140.0,140.0,2392.0,23.593794166950325,1.6952629905530527,0.5898789778179289,293.91557507312314,0.12287440429478393,2398.0
"242B.tif","10ce6868-af38-4641-95ac-98c5ca8abdbb","Annotation","invasive tumor",25670.970703125,3622.783935546875,156577.0,0.45669399219053275,0.45669399219053275,89.0,194.0,3.440530662E9,2.712943733391309,50.0,2.869098978607724,246.0,142.88070406253792,30.971950456302586,144.0,11.0,235.0,21.068070425350207,148.23430872695482,-0.08539602624296047,39.47802794405518,3.440530662E9,0.17930590518528994,1558.5146903516018,41.00720444190885,268.7274582846728,-3.1187666122964535,9.495815034143302,0.8100280431655833,0.8428021779316469,0.5907449518284303,1.371359909679317,0.46104844505480863,0.7369324243506052,0.7262224025058821,0.9921675967027462,0.9478932612894972,-0.34130974517229284,0.9181053061716152,0.4366048391200818,6.231834215876129,0.06330398045145277,4.497685516368029,0.1396613928373416,12.463668431752259,3.625011759424567,2.5764607693272206,5.666987942370595,21290.630303301252,0.13597546448904532,3.9895948758317274,28075.18071619714,2.5816281058109727,41.47871015538681,28.921814825932287,1137.5713035758763,1.08350821048271,0.03406219981844418,0.08968242284768659,3.9104941516786202,0.002862650369377034,56899.434646221525,0.18139035862799155,2.450849803425511,42.8674243269522,6.618805489583499,258.4880309864992,0.2503886293188825,0.031984585182642224,4.655908728503194,112413.02034525081,0.35836275354336616,0.500847825670437,2.6323362753501445,0.6128974364377019,26.70225580316847,0.01897100114854603,2046.764622530111,0.161124507795805,2.958700058449001,45.47673777847753,3481.1234354089584,135087.9773281902,100.21298726137762,0.03203938380831336,1979.7687947728882,0.15585049159827508,0.3908869249946089,17.498464614675555,0.012600182348140943,6.661743530369242,0.08112941236580085,3329.1935048433843,166.6747062623478,9.41082777767828E-5,16.776650646441293,0.02309503632701612,0.003609061461147462,0.5867902902119442,813.4333365184231,704.6616209217017,156594.0,477.31478360371545,2649.249675305411,0.016917951360239925,156577.0,1.8885583121613512,0.5295044339168723,0.6479117361598494,149.1536685564073,0.5867902902119442,477.31478360371545,813.4333365184231,520.0,640.0,704.6616209217017,704.6616209217017,156594.0,477.31478360371545,1.8885583121613512,0.5295044339168723,2649.249675305411,0.016917951360239925,156577.0
"242B.tif","3d1e84d2-9242-4f71-92ed-287bd3e90fc4","Annotation","invasive tumor",25050.61328125,3627.456787109375,249183.0,0.45669399219053275,0.45669399219053275,79.0,174.0,4.469643749E9,2.592776865555431,45.0,2.9332311269887934,246.0,128.91105332225715,28.419670063581204,130.0,23.0,223.0,19.291040400847095,133.9298090238285,0.055601174744464,36.31988541427901,4.469643749E9,0.19569522824521543,1319.1340765063571,34.05831861632611,196.02907279254887,0.20511192234839692,8.130146130809692,0.6401495395607248,0.854018709603279,0.499319359392337,1.254561896260737,0.39082971689675117,0.7712074735067506,0.7641818908945013,0.9937819536833795,0.9556344209318556,-0.3777179420744813,0.9268030728249894,0.39900423810058533,5.673254750891579,0.07956727939092584,4.206350600847909,0.1785694867607347,11.346509501783158,3.4897244105480723,2.1925739175926044,5.547038001128093,32727.855668324082,0.13134064389755354,4.260303309573842,48763.924059827514,2.19217051848148,34.40414875814161,34.20526681194143,1092.399943013769,1.5190931580530134,0.0404386352197874,0.0727236901261602,2.767567490984448,0.0027146530751302653,85194.99744729645,0.1938302780838262,2.1701126283349663,36.53768309163796,9.027902278322042,285.95033376257584,0.40730485674818945,0.037256522678913224,4.802508168811724,135667.94404073406,0.3086631387804676,0.4409751066485274,3.8854312679009753,0.5627326050891568,21.363983099603058,0.019986659920933077,2437.08802387088,0.165271125991515,2.9855049919952914,40.99850806998508,17100.932388444326,594400.7400651023,517.5929072643406,0.036874130548984946,2304.9012613590126,0.15630688060213024,0.39166581368415004,16.040997043663424,0.014874172839525922,6.71365995105059,0.059177391716128305,16815.378314093694,266.6639030913579,6.06582114187829E-5,15.011719117900103,0.0175279429184148,0.0023362171879362107,0.7088743122867533,726.8987071493262,746.5547535177845,249194.0,515.2798211326088,2322.0158903091724,0.009318105132182846,249183.0,1.31217411043571,0.7620939874114327,1.2565068595331559,560.9601025840135,0.7088743122867533,515.2798211326088,726.8987071493262,636.0,622.0,746.5547535177845,746.5547535177845,249194.0,515.2798211326088,1.31217411043571,0.7620939874114327,2322.0158903091724,0.009318105132182846,249183.0
"242B.tif","08892507-0810-4a2d-b75d-45d4760912bf","Annotation","invasive tumor",22100.76171875,3148.050048828125,35024.0,0.45669399219053275,0.45669399219053275,74.0,181.0,6.52244467E8,2.7358444096116905,50.0,2.875587213819304,247.0,130.35544198264049,31.651334619323386,132.0,22.0,225.0,21.49742827393558,136.46532999044686,-0.01062021325049966,40.37629298130289,6.52244467E8,0.17670964409238346,1630.2450349120088,35.150129870129845,296.33839662060535,-1.404608150982697,9.982624575792975,0.7378499278499274,0.8623475243378076,0.5624098124098125,1.3245372358222751,0.4215451307550874,0.7454481206624063,0.7362112649759711,0.9928305468352004,0.9501630365185562,-0.36743818622404434,0.9304894854285205,0.43243614518197854,5.730526695526695,0.06437787811635211,4.461983674110804,0.14415584415584415,11.46105339105339,3.6479303410032204,2.680118625910724,5.663286617273239,4760.721847875742,0.13592741685346454,4.00318491714668,6189.07857469164,2.689517803206823,35.610324349017816,29.780607583371403,983.046253997259,1.4905189613671381,0.04306390887806148,0.08561537081839485,3.3231147763703497,0.0033161749959114257,12371.686638426714,0.18009063916075976,2.5078173481183152,37.37189396916896,6.927842554987845,224.61932835495,0.364683442561403,0.03871436610929852,4.704332638161719,23940.742259487313,0.3484976383173547,0.49035661260849706,2.7689669790321108,0.6031852013130676,23.081172890270427,0.022328360670135276,415.7551644988523,0.15904941258563593,3.1228245999265902,41.03902065799541,2665.468247895945,90120.92272379495,97.99429373949273,0.038692876138100095,408.8500382555471,0.1564078187664679,0.39318037223294816,16.33391044697869,0.015293861535764348,6.556641965364059,0.0746345363179534,2485.945154951064,39.303477475979534,4.3762440842895684E-4,15.553825662650132,0.023118673901123273,0.016232973548685654,0.3117217351507126,412.2472025691614,428.2289107475113,35020.0,128.5064132958863,984.9923619964691,0.028126566590418876,35024.0,1.48480649953224,0.6734884311962743,0.6391339850495629,145.13964900314457,0.3117217351507126,128.5064132958863,412.2472025691614,428.0,128.0,428.2289107475113,428.2289107475113,35020.0,128.5064132958863,1.48480649953224,0.6734884311962743,984.9923619964691,0.028126566590418876,35024.0
"242B.tif","6e7abfb9-da7d-45f1-9836-6736be7a4329","Annotation","invasive tumor",25857.84765625,3059.069580078125,16166.0,0.45669399219053275,0.45669399219053275,98.0,229.0,4.40378381E8,2.8468578591430376,79.0,2.069505462620148,247.0,157.61715947049362,41.20516098986213,150.0,41.0,206.0,33.621447847698605,165.04854799977144,0.05689983526953428,48.96788985943554,4.40378381E8,0.1534896462439846,2397.8542372858096,38.131321062880836,529.9948497366977,7.973394599345067,15.792140954313593,0.6658552672906592,0.9190842848272625,0.4991676612852566,1.2808590936027593,0.41668691321766627,0.7751968297841152,0.7668830027239142,0.992086051246012,0.9515407342202368,-0.44831300150704834,0.9603083206881822,0.380237565522681,5.860865946353414,0.06695431956650669,4.419067991302594,0.14209435266034298,11.721731892706828,3.7021026126315175,4.114499055401063,5.664665182742866,2051.5469503897066,0.12690504456202567,4.929851246858321,2481.313621180255,4.11177389464915,38.47692688358283,35.286774712359275,1512.6451812445873,1.7754055370183506,0.049076874701521195,0.07659203820640523,2.743323451515654,0.003743358866378287,4541.700623848008,0.1609847094799379,3.0549309929001853,35.064086204452,11.521692896639728,573.3685665674182,0.51067279201946,0.04795723992548477,4.905200548767249,9352.543740252375,0.3315094194049474,0.4362860324137078,6.26808832455262,0.5884441291626169,20.35783859280646,0.027483768866730898,179.6556473829201,0.16497304626530773,2.881102535497728,35.872359963269055,4446.648301193755,209890.84297520661,155.00190396312934,0.050587448299389215,153.5821854912764,0.14103047336205363,0.36917500164114997,13.199773352725757,0.01944587296554771,6.403210186476498,0.06736360262278857,4226.279865184949,18.342471595244714,0.0012498263011490487,10.296133891056455,0.03839255534651202,0.0381653956657137,0.5097206849914039,232.6326047416638,272.4187952399761,16144.0,118.57765064025538,658.7997648303391,0.04080771585916372,16166.0,1.4626584652404973,0.6836866047437637,0.538649249825652,103.08948376511046,0.5097206849914039,118.57765064025538,232.6326047416638,216.0,166.0,272.4187952399761,272.4187952399761,16144.0,118.57765064025538,1.4626584652404973,0.6836866047437637,658.7997648303391,0.04080771585916372,16166.0
"242B.tif","7b69e69f-3b2d-44dc-ab68-038dea750294","Annotation","invasive tumor",25191.43359375,3085.4111328125,42244.0,0.45669399219053275,0.45669399219053275,81.0,183.0,8.37959199E8,2.630303360882153,48.0,2.7261559750327047,246.0,135.75700691222423,29.72199153907441,138.0,23.0,223.0,20.89042928000226,140.84094146761964,-0.11810151746841348,37.49941156498036,8.37959199E8,0.1882358386856054,1406.2058677197829,37.31320414331969,209.08833766806228,-3.8757825902809486,8.681290998667585,0.6646933728390336,0.8577585096620739,0.5189483996606971,1.2715386242440914,0.39538593132863564,0.7623246948747839,0.7549179234498546,0.9935384830450343,0.9538896329951694,-0.37213545992927455,0.9267292148687161,0.413680753847359,5.942142268312207,0.07368143348897148,4.282020689208702,0.1691676324058255,11.884284536624415,3.5366215993833565,2.3364960928766565,5.582531712882483,5637.184783637913,0.13344344246846684,4.125239585707129,7951.834769434713,2.335486401472237,37.72931067133794,32.355127355364075,1152.5475097055203,1.298026170615775,0.03685208320778644,0.07761577260460167,3.1398230248546874,0.002718582918997732,14632.57006921526,0.18790299679240893,2.261570566929707,39.34614051083174,8.077074210573626,284.864689943883,0.3304042122432374,0.03452256426548171,4.752014999898309,25191.046023653897,0.3234888346879393,0.4608524287472777,3.368642903082593,0.5779387454026367,23.240234163149008,0.01936344235098301,454.813441057657,0.16702660339980058,2.907333228227223,42.60705104663973,11387.756151303709,414604.6819684172,328.667433954788,0.034756446674914586,438.28314359162687,0.16095598369137967,0.40103914698335547,17.18578099588654,0.014435407433552148,6.4963347416444694,0.06445885806268346,11147.079042807902,43.627026759715044,3.56701169183826E-4,15.668804359838846,0.019371947842269734,0.013682658697833267,0.6859162673700108,299.4272837605799,308.23367758893573,42248.0,205.38204482579798,1033.7370513346655,0.024468307407088274,42244.0,1.4187375823288653,0.7048519842256484,0.7171600589515035,182.74034254229576,0.6859162673700108,205.38204482579798,299.4272837605799,308.0,192.0,308.23367758893573,308.23367758893573,42248.0,205.38204482579798,1.4187375823288653,0.7048519842256484,1033.7370513346655,0.024468307407088274,42244.0
"242B.tif","72aef972-a397-41dd-924b-1298efc502d0","Annotation","invasive tumor",22250.962890625,2873.562255859375,82252.0,0.45669399219053275,0.45669399219053275,73.0,181.0,1.471053855E9,2.7236565958535888,54.0,2.612189013263573,246.0,127.65283518941789,32.07818651258902,127.0,17.0,229.0,22.84477841225507,133.7337592588755,0.13626310897293184,39.868183224397356,1.471053855E9,0.17156982346309457,1589.4720336141186,33.87714890078987,252.88677944302057,2.9439372463202376,9.77263402527562,0.7231188712004497,0.8622073369423098,0.5497151101655541,1.3154792180787578,0.42093216885612283,0.751191196711977,0.7423005244590555,0.992980033891635,0.9512972465903741,-0.3714954634791643,0.9315946730317373,0.42364323424003575,5.622701318073999,0.06317665124672583,4.436158963450316,0.12252096935905901,11.245402636147997,3.6407563863745556,2.6239382241190174,5.662530740779308,11005.377571366045,0.1338007291174202,4.110819967707223,14111.961119486456,2.6221879624425632,34.24387248942275,30.973034090356464,977.7162014297525,1.5256987548605305,0.04335355389562171,0.08154370103055893,3.0629562344385897,0.003230193896877198,27846.645031627628,0.1773863732482347,2.4627415504346577,36.20150589554283,7.444487619678564,233.03281247014007,0.37315954212830316,0.03933964052989568,4.7447749914735455,53145.937783072055,0.3385458156811378,0.477140373486359,3.0520291127172414,0.5936494941733497,22.18542012390419,0.0221510650602357,895.3340842141744,0.15514366387353568,3.136143855409559,40.06740599549472,3423.138450875065,101850.80661930342,136.8214628483761,0.03904845652489855,865.9287818402356,0.15004830737138028,0.382383136868084,15.25589465263093,0.0157981983037782,6.729883990595442,0.07016242766133346,3220.000631987787,94.65562922241989,1.92696635881496E-4,15.577537456524013,0.02226999799675779,0.0069268953914114395,0.5301084315690704,466.4054025137755,504.0991965873383,82236.0,247.24543640191848,1236.1295024156627,0.015031488671818458,82252.0,1.215984532858956,0.8223788814557164,1.0675570278098867,404.9341588761507,0.5301084315690704,247.24543640191848,466.4054025137755,238.0,504.0,504.0991965873383,504.0991965873383,82236.0,247.24543640191848,1.215984532858956,0.8223788814557164,1236.1295024156627,0.015031488671818458,82252.0
"242B.tif","62e3e817-5d0a-49d8-a49d-56b25a436ee2","Annotation","invasive tumor",21580.251953125,2679.121337890625,732165.0,0.45669399219053275,0.45669399219053275,82.0,183.0,1.4346969176E10,2.6759942024503354,48.0,2.902790177760634,249.0,134.62482090785548,30.151874556012757,136.0,15.0,234.0,20.603658553922763,139.98309791037852,-0.1175353720211072,38.35916182756092,1.4346969176E10,0.1842335490853798,1471.4252961130067,36.9602528119671,245.92523580968518,-4.293517395757501,9.078397938714012,0.6922104253641036,0.8583076100135111,0.5329665218072381,1.292828685090865,0.4081571119967985,0.7573555997822373,0.7492339401948764,0.9932769900213267,0.9527142763108108,-0.3707137876573895,0.9287034270795169,0.41769482980696665,5.904549596169856,0.07002262762396248,4.359967375101815,0.1566551084667178,11.809099192339712,3.5879353746437013,2.442652091019527,5.641525583902657,97717.60594538116,0.1334639131143679,4.12105078040901,134889.35646609712,2.442618937903229,37.314864818722555,32.02022085185716,1122.853283071439,1.3903336313457855,0.03889992983061619,0.07786869063109182,3.1234474121961306,0.002772356102812252,252307.6250441736,0.1853694272707242,2.3434711788285503,39.03435953235124,7.9908838908329765,278.47888520153083,0.3524022996556201,0.03567206554152777,4.769738143761973,445926.5465925897,0.32762049316665753,0.46475418792212136,3.3611782824005156,0.5821290897954645,23.317378772624668,0.01980532317772168,7664.0987791809375,0.16104092746907897,2.9639832200851455,42.51423588493623,12393.561324620201,455241.0494421214,361.51196833916987,0.035117295939159784,7298.941501544409,0.15336810534648168,0.3871403169097978,16.310241505505747,0.01390282523714179,6.812843965874024,0.06500037559839654,12156.87766941868,768.8390058564432,2.0758907040343933E-5,15.514296571959838,0.020427043463302593,7.880670296542796E-4,0.8866902921649672,1029.269361267291,1075.683968459138,732304.0,912.6431506585434,3216.595261776079,0.004392431642836963,732165.0,1.060341557082758,0.9430923397468536,2.264758212619171,1822.4093400876793,0.8866902921649672,912.6431506585434,1029.269361267291,954.0,992.0,1075.683968459138,1075.683968459138,732304.0,912.6431506585434,1.060341557082758,0.9430923397468536,3216.595261776079,0.004392431642836963,732165.0
"242B.tif","4a58eb4c-de76-4136-9d25-33243ec44a1d","Annotation","necrosis not in-situ",25630.333984375,3571.615478515625,73886.0,0.45669399219053275,0.45669399219053275,97.0,221.0,1.869129442E9,2.8802212940737846,66.0,2.440246763760719,247.0,152.4740275559646,37.15119052403912,149.0,10.0,237.0,27.548581343973296,159.05180842430042,-0.02983778381517965,45.26752350088737,1.869129442E9,0.1508038027600341,2049.1486839033905,46.791537917046675,419.04302297055546,1.5919076598481308,12.721320786018234,1.0961164123436282,0.841343022355321,0.7144276710725128,1.5320775797831543,0.5857095151495344,0.6977298257691109,0.6802691497405359,0.989492599836187,0.9378131300884932,-0.31398958321908943,0.914375305328666,0.4575380794489139,6.624593332698092,0.04544498277632265,4.8552003971079305,0.0917979118740046,13.249186665396188,3.793503980004764,3.454359299590465,5.749158615070783,10488.343285602145,0.14195305315759607,3.9471573780176463,11142.289770727879,3.4620389936526936,47.43721408656579,24.390195706899817,1238.738597298541,0.7927684650234262,0.03236155442844552,0.1146709143089986,5.247666426996921,0.0037282543839024275,26249.213800898142,0.15865057630202015,3.041026876479366,45.94715719872109,5.535856104150423,305.5986413059902,0.16600893214021692,0.03221203641843563,4.541433911406788,69616.74838775967,0.42076449739660005,0.5598252713639932,2.3450897679728024,0.6701018172650897,30.624701447182584,0.02126594350508973,1344.5394842406877,0.15410194661784385,3.1760718417747,46.139025787965615,1148.567564469914,73213.70200573067,25.79708591972818,0.03351585670031565,1397.1148424068767,0.160127775634026,0.3953417925761421,17.818899911757555,0.013544974927815505,6.528750488475761,0.11808732371491217,1076.8552994343233,89.08896539304779,2.0635933713773356E-4,18.71433439076962,0.03489690768112648,0.007753150205365563,0.5698965186759078,414.202088075308,404.49969097639615,73886.0,236.05232802240977,1104.317176681894,0.014946230364100017,73886.0,1.1460612205200724,0.8725537363058222,1.1359166838491985,458.4534051562408,0.5698965186759078,236.05232802240977,414.202088075308,390.0,260.0,404.49969097639615,404.49969097639615,73886.0,236.05232802240977,1.1460612205200724,0.8725537363058222,1104.317176681894,0.014946230364100017,73886.0
"242B.tif","4b88177d-f868-40ba-a325-2d91360612f7","Annotation","rest",9088.0,7028.0,1280848.0,0.45669399219053275,0.45669399219053275,151.0,232.0,5.4731732864E10,2.1589578152039057,52.0,3.2874831689960575,254.0,203.79836327183241,29.327949315320698,221.0,31.0,223.0,22.455593545079335,206.71443371754788,-1.0451095981833116,34.59890511103282,5.4731732864E10,0.2903853895021621,1197.084234882253,62.25450953582086,210.63116198024935,-22.838450278059696,8.37192705264816,0.320197857875207,0.926324607349453,0.2723106077040973,0.9228694346126507,0.24604479080703226,0.8714607207413565,0.8686248783064932,0.9968618508949332,0.9756020548224046,-0.5365861115607005,0.9494238359515832,0.23379818361656607,7.761544771315025,0.2233421822138405,3.1591862994194555,0.4395256852106144,15.52308954263005,2.7892491308689182,2.1730312276308412,4.2723407105049285,315875.94544083293,0.2466147001368101,4.883241603404195,371939.54537306534,2.1730472252829753,62.41122990393864,53.79258428790926,3695.0683960938377,0.9227314921382429,0.01984321444946064,0.038536325606009454,2.035569907294457,9.410398858238839E-4,250701.10891231653,0.19509859471447524,2.0256662570531634,49.67661013994585,133.46851393427377,10484.202199693851,1.7701401712825027,0.02533760889658163,5.15796939890663,326176.11855825345,0.2538341479071573,0.25080981506002276,117.57166877374327,0.5031609452059159,23.763028161012706,0.013276587859581622,4617.341067029452,0.1697739113515995,2.734966681914739,47.47880280913336,4494806.982020075,3.631408796599257E8,55776.186917865365,0.029761591963410605,2373.374526602199,0.08726604135022976,0.27513222342359495,13.35681271798786,0.007999665297698544,7.598438365623001,0.021233588997289297,4492589.024691764,404.5846771515045,2.2639763494855278E-5,9.01901849329433,0.009080133372717535,0.0012901910002455833,0.9584774769055627,1334.8333229283721,1601.2495120998476,1280848.0,1279.4076754498544,4528.0,0.0035351579578529226,1280848.0,1.1286328558025691,0.886027723593871,2.3717178973938915,1998.6111588302574,0.9584774769055627,1279.4076754498544,1334.8333229283721,1108.0,1156.0,1601.2495120998476,1601.2495120998476,1280848.0,1279.4076754498544,1.1286328558025691,0.886027723593871,4528.0,0.0035351579578529226,1280848.0
"242B.tif","8fec2c37-9ab4-4ae7-a9fc-9c4d1bb96043","Annotation","tumor-associated stroma",25753.529296875,3702.239013671875,612.0,0.45669399219053275,0.45669399219053275,191.3,229.0,2.9210045E7,1.5006037666119623,8.0,9.833595487346267,238.0,217.4983660130719,13.566219189200739,226.0,108.0,130.0,5.360076904296875,218.46929234871067,-2.6270434434681618,20.57407302869843,2.9210045E7,0.4566192490067923,423.2924809902161,30.15636531365314,80.4689475802689,-12.76923779083704,3.366259139989924,0.2952029520295203,0.838751326868604,0.25184501845018453,0.8823284683050033,0.2317770387113465,0.8809578720787209,0.8784132841328414,0.9922234965592901,0.9647799156562995,-0.4019082092807762,0.8319924834679234,0.21717404674046742,5.421125461254612,0.34823446712326905,2.3426982407860075,0.5553505535055351,10.842250922509226,2.0311767969043655,0.9153655230048612,3.9349368623832683,108.22222222222223,0.17683369644153957,4.897240377632535,279.45098039215685,0.9648933102652828,30.09313725490196,46.428104575163395,1521.2467320261437,1.6361805555555557,0.04521377995642701,0.05250262733694301,1.2735486506845535,0.0036985110556568305,239.3913043478261,0.3061269876570666,1.3754570548334975,25.955242966751918,20.892583120204602,699.2046035805627,0.7077799090650754,0.06148337595907929,4.447921418719676,177.5473145780051,0.22704260176215488,0.3194444444444444,11.092961192038253,0.4671770936573078,10.471265082901848,0.03635217765721085,6.733333333333333,0.22444444444444445,1.755555555555556,20.533333333333335,2576.133333333333,90023.1,76.51762037037038,0.0999074074074074,3.533333333333333,0.11777777777777777,0.3053579245968627,6.3305849467622215,0.027163295478635052,4.506890595608518,0.049019607843137254,2159.9733333333334,0.9333891979456406,0.023907060465358974,3.9581864519038117,0.013127889504260075,0.7186994513766046,0.11399064413611906,93.67091514300229,85.15867542417507,608.0,10.67760795397058,184.87085986587184,0.30406391425307866,612.0,2.1150066613713525,0.47281174961009736,0.1364664679230578,6.616893556956772,0.11399064413611906,10.67760795397058,93.67091514300229,84.0,24.0,85.15867542417507,85.15867542417507,608.0,10.67760795397058,2.1150066613713525,0.47281174961009736,184.87085986587184,0.30406391425307866,612.0
"242B.tif","646f14a6-21a8-49d0-8454-f209208d402a","Annotation","tumor-associated stroma",25793.833984375,3517.083251953125,68.0,0.45669399219053275,0.45669399219053275,137.2,213.3,2323046.0,2.2041679923677804,32.5,3.5921262788525454,228.0,181.88235294117646,25.064013840830444,190.0,93.0,135.0,15.396433470507548,184.8308447648027,-1.1032068415897596,32.882379248647794,2323046.0,0.2768166089965398,1081.250865051903,24.621621621621628,147.97284924144734,-19.241291769490484,6.1272753834916,0.9459459459459459,0.7325275424341439,0.664864864864865,1.4374035944405439,0.503900657414171,0.709009009009009,0.6956756756756757,0.9819605760607713,0.9206156156156159,-0.23721832173901897,0.799289498946958,0.46996996996997,4.82972972972973,0.11995617238860483,3.7842626172351257,0.24324324324324326,9.659459459459459,2.96716000764198,1.768305332359387,4.260801085242036,13.0,0.19117647058823528,2.9844290657439454,18.823529411764707,1.810553633217994,24.794117647058822,15.029411764705882,409.70588235294116,0.7718257302921168,0.08467703748165933,0.1958052596038415,4.920199913298653,0.018850538942428822,44.234042553191486,0.23528746038931644,2.112805568130376,23.97340425531915,2.734042553191489,71.03191489361703,0.18881169489072222,0.09638852704202246,3.5353235403686196,99.2127659574468,0.5277274784970575,0.6911764705882353,0.6407876867360797,0.7532417257683214,17.627562056737588,0.07991952257656412,3.4210526315789473,0.18005540166204986,2.559556786703601,23.526315789473685,26.0,701.6842105263158,1.3855108008115529,0.11172425110395034,3.8421052631578947,0.20221606648199447,0.39895060605074273,10.995494284708228,0.033178356035920405,4.142664355548851,0.27941176470588236,13.19113573407202,0.19002976190476187,0.13805504800023202,8.606331153347806,0.03820740304397996,2.9924637654216277,0.11929975775703709,27.579603482634614,28.844410203711913,64.0,3.2902400145134463,58.64832398213844,0.9163800622209132,68.0,2.0680483427035363,0.483547690520963,0.08039362823912855,2.2963892470263185,0.11929975775703709,3.2902400145134463,27.579603482634614,16.0,24.0,28.844410203711913,28.844410203711913,64.0,3.2902400145134463,2.0680483427035363,0.483547690520963,58.64832398213844,0.9163800622209132,68.0
"242B.tif","bc3ef25f-81bb-428b-b346-7a54bfb618f5","Annotation","tumor-associated stroma",25803.0,3532.0,4.0,0.45669399219053275,0.45669399219053275,134.2,159.7,87309.0,1.0,14.25,1.7996521885160637,163.0,147.25,10.25,148.0,130.0,33.0,4.0,147.74048192692482,-0.16564177566914873,12.028611723719408,87309.0,0.5,144.6875,2.2,0.4,0.0,0.4,0.6,-0.19999999999999996,0.6,0.9709505944546686,0.24,0.7,0.7,0.8799999999999999,0.8,-0.02904940554533142,0.23757796833279426,0.6,1.5,0.26,1.9709505944546686,0.3,3.0,1.3709505944546687,0.25,1.0,4.0,1.0,0.0,2.0,0.25,2.5,4.0,10.0,2.5,0.625,0.25,0.625,0.15625,7.0,0.5,0.25,2.5,1.4285714285714286,3.5714285714285716,0.8928571428571429,0.625,1.5916727785823275,10.571428571428571,0.7551020408163265,0.875,0.12244897959183675,0.8928571428571429,2.232142857142857,0.5580357142857143,1.0,0.5,0.25,2.5,4.0,10.0,2.5,0.625,2.0,1.0,0.25,0.625,0.15625,1.0,0.5,0.0,1.1666666666666667,0.8571428571428571,0.5833333333333334,0.14583333333333334,0.8571428571428571,0.3819660112501051,3.23606797749979,4.47213595499958,4.0,1.2360679774997896,9.65685424949238,2.414213562373095,4.0,1.3620741443506217,0.7341744237254845,0.07520237214714452,2.0093950409695074,0.3819660112501051,1.2360679774997896,3.23606797749979,2.0,4.0,4.47213595499958,4.47213595499958,4.0,1.2360679774997896,1.3620741443506217,0.7341744237254845,9.65685424949238,2.414213562373095,4.0
"242B.tif","334e5408-9f55-48c5-86b3-27e9021df72b","Annotation","tumor-associated stroma",25812.0,3543.0,8.0,0.45669399219053275,0.45669399219053275,225.7,230.0,417271.0,0.0,3.25,1.7315698254582377,230.0,228.375,1.78125,229.5,225.0,5.0,1.3469387755102022,228.38317582519076,-0.6414332882121203,1.9324531042175384,417271.0,1.0,3.734375,1.0,0.0,0.0,0.0,0.0,1.0,0.0,0.0,0.0,1.0,1.0,1.0,1.0,0.0,0.0,0.0,1.0,1.0,0.0,1.0,2.0,0.0,0.0,1.5,3.0,0.375,0.6875,8.0,0.0,1.0,18.75,18.75,18.75,1.0,0.06340277777777778,0.06340277777777778,0.06340277777777778,19.0,1.0,0.0,1.0,3.6842105263157894,3.6842105263157894,3.6842105263157894,1.0,1.3599924922184878,8.052631578947368,0.42382271468144045,0.59375,0.8476454293628809,0.625,0.625,0.625,1.0,1.0,0.0,1.0,64.0,64.0,64.0,1.0,1.0,1.0,0.015625,0.015625,0.015625,0.0,0.125,0.0,0.0,1000000.0,0.0,0.0,0.0,0.21245426982534552,6.488432109704299,7.211102550927978,8.0,1.378495106178553,15.31370849898476,1.914213562373095,8.0,1.5273214474969452,0.6547410184272948,0.07531725558414297,2.0155390635294816,0.21245426982534552,1.378495106178553,6.488432109704299,4.0,6.0,7.211102550927978,7.211102550927978,8.0,1.378495106178553,1.5273214474969452,0.6547410184272948,15.31370849898476,1.914213562373095,8.0
"242B.tif","aa28fdec-9cae-4bff-ba59-cf861a9fcad4","Annotation","tumor-associated stroma",25812.0,3543.0,8.0,0.45669399219053275,0.45669399219053275,225.7,230.0,417271.0,0.0,3.25,1.7315698254582377,230.0,228.375,1.78125,229.5,225.0,5.0,1.3469387755102022,228.38317582519076,-0.6414332882121203,1.9324531042175384,417271.0,1.0,3.734375,1.0,0.0,0.0,0.0,0.0,1.0,0.0,0.0,0.0,1.0,1.0,1.0,1.0,0.0,0.0,0.0,1.0,1.0,0.0,1.0,2.0,0.0,0.0,1.5,3.0,0.375,0.6875,8.0,0.0,1.0,18.75,18.75,18.75,1.0,0.06340277777777778,0.06340277777777778,0.06340277777777778,19.0,1.0,0.0,1.0,3.6842105263157894,3.6842105263157894,3.6842105263157894,1.0,1.3599924922184878,8.052631578947368,0.42382271468144045,0.59375,0.8476454293628809,0.625,0.625,0.625,1.0,1.0,0.0,1.0,64.0,64.0,64.0,1.0,1.0,1.0,0.015625,0.015625,0.015625,0.0,0.125,0.0,0.0,1000000.0,0.0,0.0,0.0,0.21245426982534552,6.488432109704299,7.211102550927978,8.0,1.378495106178553,15.31370849898476,1.914213562373095,8.0,1.5273214474969452,0.6547410184272948,0.07531725558414297,2.0155390635294816,0.21245426982534552,1.378495106178553,6.488432109704299,4.0,6.0,7.211102550927978,7.211102550927978,8.0,1.378495106178553,1.5273214474969452,0.6547410184272948,15.31370849898476,1.914213562373095,8.0
"242B.tif","c11b36f2-1098-41c5-8b30-1f743cdb4003","Annotation","tumor-associated stroma",25640.666015625,3470.41015625,264.0,0.45669399219053275,0.45669399219053275,183.0,229.0,1.2395639E7,1.6502543134330052,16.0,6.829107011973488,242.0,215.7310606060606,15.05785123966945,225.0,116.0,126.0,8.940376842486263,216.68682015827136,-1.986627754477437,20.329474171439752,1.2395639E7,0.39405417814508714,413.287520087236,28.65871121718377,52.46778805780001,-8.991195765626014,3.3855127277698345,0.5346062052505967,0.7272500072651185,0.405727923627685,1.159682695595109,0.36999105723936415,0.8155727923627685,0.8098553980064579,0.9863224983750043,0.944189680645528,-0.2948289688900187,0.7909456675859917,0.32051345796870856,5.286396181384248,0.24447485489374063,2.840951391591714,0.4486873508353222,10.572792362768498,2.33474831940079,0.980029733255108,4.377049376275927,31.560606060606062,0.11954775022956841,5.208448117539027,104.03030303030303,0.927858126721763,28.96969696969697,31.28030303030303,1003.6590909090909,1.0686069023569023,0.04519781144781145,0.10949057253372728,2.474721799915252,0.010005497894449822,163.6225680933852,0.31833184453965996,1.1591545670638463,26.35408560311284,6.657587548638133,210.46303501945525,0.24406506701253786,0.055595006485084295,3.7178446788781248,171.5486381322957,0.33375221426516677,0.48674242424242425,2.4367212221229693,0.5888708708596926,14.03629624758464,0.03979613410868201,8.1875,0.255859375,1.62109375,21.3125,345.0,11718.625,10.701493055555556,0.09394097222222222,6.5625,0.205078125,0.4418194256073909,8.418238512733728,0.05977605197383567,4.2621987351738495,0.12121212121212122,276.9375,0.6566648301788957,0.03648199466490311,6.329382013853532,0.020408471552943435,0.9737890074116412,0.09852598378620499,68.95161385518222,70.71067811865476,260.0,6.793525588728349,144.0572641122821,0.5540664004318542,264.0,2.520249611955469,0.3967860942250466,0.08483902480509745,2.557370091434704,0.09852598378620499,6.793525588728349,68.95161385518222,70.0,14.0,70.71067811865476,70.71067811865476,260.0,6.793525588728349,2.520249611955469,0.3967860942250466,144.0572641122821,0.5540664004318542,264.0
"242B.tif","9944c869-2a22-4acc-b858-b8a3dfff4ec9","Annotation","tumor-associated stroma",25640.666015625,3470.41015625,264.0,0.45669399219053275,0.45669399219053275,183.0,229.0,1.2395639E7,1.6502543134330052,16.0,6.829107011973488,242.0,215.7310606060606,15.05785123966945,225.0,116.0,126.0,8.940376842486263,216.68682015827136,-1.986627754477437,20.329474171439752,1.2395639E7,0.39405417814508714,413.287520087236,28.65871121718377,52.46778805780001,-8.991195765626014,3.3855127277698345,0.5346062052505967,0.7272500072651185,0.405727923627685,1.159682695595109,0.36999105723936415,0.8155727923627685,0.8098553980064579,0.9863224983750043,0.944189680645528,-0.2948289688900187,0.7909456675859917,0.32051345796870856,5.286396181384248,0.24447485489374063,2.840951391591714,0.4486873508353222,10.572792362768498,2.33474831940079,0.980029733255108,4.377049376275927,31.560606060606062,0.11954775022956841,5.208448117539027,104.03030303030303,0.927858126721763,28.96969696969697,31.28030303030303,1003.6590909090909,1.0686069023569023,0.04519781144781145,0.10949057253372728,2.474721799915252,0.010005497894449822,163.6225680933852,0.31833184453965996,1.1591545670638463,26.35408560311284,6.657587548638133,210.46303501945525,0.24406506701253786,0.055595006485084295,3.7178446788781248,171.5486381322957,0.33375221426516677,0.48674242424242425,2.4367212221229693,0.5888708708596926,14.03629624758464,0.03979613410868201,8.1875,0.255859375,1.62109375,21.3125,345.0,11718.625,10.701493055555556,0.09394097222222222,6.5625,0.205078125,0.4418194256073909,8.418238512733728,0.05977605197383567,4.2621987351738495,0.12121212121212122,276.9375,0.6566648301788957,0.03648199466490311,6.329382013853532,0.020408471552943435,0.9737890074116412,0.09852598378620499,68.95161385518222,70.71067811865476,260.0,6.793525588728349,144.0572641122821,0.5540664004318542,264.0,2.520249611955469,0.3967860942250466,0.08483902480509745,2.557370091434704,0.09852598378620499,6.793525588728349,68.95161385518222,70.0,14.0,70.71067811865476,70.71067811865476,260.0,6.793525588728349,2.520249611955469,0.3967860942250466,144.0572641122821,0.5540664004318542,264.0
"242B.tif","57a2d497-7151-488f-8fe4-b1f445b54e2e","Annotation","tumor-associated stroma",25640.666015625,3470.41015625,264.0,0.45669399219053275,0.45669399219053275,183.0,229.0,1.2395639E7,1.6502543134330052,16.0,6.829107011973488,242.0,215.7310606060606,15.05785123966945,225.0,116.0,126.0,8.940376842486263,216.68682015827136,-1.986627754477437,20.329474171439752,1.2395639E7,0.39405417814508714,413.287520087236,28.65871121718377,52.46778805780001,-8.991195765626014,3.3855127277698345,0.5346062052505967,0.7272500072651185,0.405727923627685,1.159682695595109,0.36999105723936415,0.8155727923627685,0.8098553980064579,0.9863224983750043,0.944189680645528,-0.2948289688900187,0.7909456675859917,0.32051345796870856,5.286396181384248,0.24447485489374063,2.840951391591714,0.4486873508353222,10.572792362768498,2.33474831940079,0.980029733255108,4.377049376275927,31.560606060606062,0.11954775022956841,5.208448117539027,104.03030303030303,0.927858126721763,28.96969696969697,31.28030303030303,1003.6590909090909,1.0686069023569023,0.04519781144781145,0.10949057253372728,2.474721799915252,0.010005497894449822,163.6225680933852,0.31833184453965996,1.1591545670638463,26.35408560311284,6.657587548638133,210.46303501945525,0.24406506701253786,0.055595006485084295,3.7178446788781248,171.5486381322957,0.33375221426516677,0.48674242424242425,2.4367212221229693,0.5888708708596926,14.03629624758464,0.03979613410868201,8.1875,0.255859375,1.62109375,21.3125,345.0,11718.625,10.701493055555556,0.09394097222222222,6.5625,0.205078125,0.4418194256073909,8.418238512733728,0.05977605197383567,4.2621987351738495,0.12121212121212122,276.9375,0.6566648301788957,0.03648199466490311,6.329382013853532,0.020408471552943435,0.9737890074116412,0.09852598378620499,68.95161385518222,70.71067811865476,260.0,6.793525588728349,144.0572641122821,0.5540664004318542,264.0,2.520249611955469,0.3967860942250466,0.08483902480509745,2.557370091434704,0.09852598378620499,6.793525588728349,68.95161385518222,70.0,14.0,70.71067811865476,70.71067811865476,260.0,6.793525588728349,2.520249611955469,0.3967860942250466,144.0572641122821,0.5540664004318542,264.0
"242B.tif","e3418aa4-f1f2-4c78-8e72-abfa7b9fa606","Annotation","tumor-associated stroma",25640.666015625,3470.41015625,264.0,0.45669399219053275,0.45669399219053275,183.0,229.0,1.2395639E7,1.6502543134330052,16.0,6.829107011973488,242.0,215.7310606060606,15.05785123966945,225.0,116.0,126.0,8.940376842486263,216.68682015827136,-1.986627754477437,20.329474171439752,1.2395639E7,0.39405417814508714,413.287520087236,28.65871121718377,52.46778805780001,-8.991195765626014,3.3855127277698345,0.5346062052505967,0.7272500072651185,0.405727923627685,1.159682695595109,0.36999105723936415,0.8155727923627685,0.8098553980064579,0.9863224983750043,0.944189680645528,-0.2948289688900187,0.7909456675859917,0.32051345796870856,5.286396181384248,0.24447485489374063,2.840951391591714,0.4486873508353222,10.572792362768498,2.33474831940079,0.980029733255108,4.377049376275927,31.560606060606062,0.11954775022956841,5.208448117539027,104.03030303030303,0.927858126721763,28.96969696969697,31.28030303030303,1003.6590909090909,1.0686069023569023,0.04519781144781145,0.10949057253372728,2.474721799915252,0.010005497894449822,163.6225680933852,0.31833184453965996,1.1591545670638463,26.35408560311284,6.657587548638133,210.46303501945525,0.24406506701253786,0.055595006485084295,3.7178446788781248,171.5486381322957,0.33375221426516677,0.48674242424242425,2.4367212221229693,0.5888708708596926,14.03629624758464,0.03979613410868201,8.1875,0.255859375,1.62109375,21.3125,345.0,11718.625,10.701493055555556,0.09394097222222222,6.5625,0.205078125,0.4418194256073909,8.418238512733728,0.05977605197383567,4.2621987351738495,0.12121212121212122,276.9375,0.6566648301788957,0.03648199466490311,6.329382013853532,0.020408471552943435,0.9737890074116412,0.09852598378620499,68.95161385518222,70.71067811865476,260.0,6.793525588728349,144.0572641122821,0.5540664004318542,264.0,2.520249611955469,0.3967860942250466,0.08483902480509745,2.557370091434704,0.09852598378620499,6.793525588728349,68.95161385518222,70.0,14.0,70.71067811865476,70.71067811865476,260.0,6.793525588728349,2.520249611955469,0.3967860942250466,144.0572641122821,0.5540664004318542,264.0
"242B.tif","de12c530-4598-42c2-9751-2c1d791ba1b8","Annotation","tumor-associated stroma",25491.0,3450.0,4.0,0.45669399219053275,0.45669399219053275,180.3,193.6,138921.0,0.0,9.25,1.6699717464038266,196.0,186.25,5.75,184.5,180.0,16.0,3.5,186.36053766825208,0.5139152603734676,6.417748826496718,138921.0,1.0,41.1875,1.0,0.0,0.0,0.0,0.0,1.0,0.0,0.0,0.0,1.0,1.0,1.0,1.0,0.0,0.0,0.0,1.0,1.0,0.0,1.0,2.0,0.0,0.0,1.0,2.0,0.5,0.25,4.0,0.0,1.0,12.5,12.5,12.5,1.0,0.08680555555555555,0.08680555555555555,0.08680555555555555,11.0,1.0,0.0,1.0,2.3636363636363638,2.3636363636363638,2.3636363636363638,1.0,0.9940302114769565,5.545454545454546,0.5041322314049587,0.6875,0.2479338842975207,0.6590909090909091,0.6590909090909091,0.6590909090909091,1.0,1.0,0.0,1.0,16.0,16.0,16.0,1.0,1.0,1.0,0.0625,0.0625,0.0625,0.0,0.25,0.0,0.0,1000000.0,0.0,0.0,0.0,0.3819660112501051,3.23606797749979,4.47213595499958,4.0,1.2360679774997896,9.65685424949238,2.414213562373095,4.0,1.3620741443506217,0.7341744237254845,0.07520237214714452,2.0093950409695074,0.3819660112501051,1.2360679774997896,3.23606797749979,2.0,4.0,4.47213595499958,4.47213595499958,4.0,1.2360679774997896,1.3620741443506217,0.7341744237254845,9.65685424949238,2.414213562373095,4.0
"242B.tif","c19e2394-75bd-45de-a28a-992199df5930","Annotation","tumor-associated stroma",25343.16796875,3586.003662109375,760722.0,0.45669399219053275,0.45669399219053275,110.0,207.0,2.0870834148E10,2.6075010805229426,46.0,3.2759435259896126,250.0,161.35876969510545,29.09045317748607,165.0,14.0,236.0,19.538696511053434,165.63683194523904,-0.5740591280099939,37.40197239901894,2.0870834148E10,0.1951225747909369,1398.9075393369744,50.62641065450407,249.54308703909302,-14.65645865307096,8.609989586342664,0.7060728335961659,0.8484181831832763,0.5279823344873313,1.3045814279715373,0.42730748806547353,0.7620511268030365,0.7535037514740625,0.9943209951502749,0.9570995521327894,-0.35432680666098726,0.9178206830432528,0.40432849539515736,6.974986126603942,0.07716921850851874,4.290739520605971,0.17230411276454774,13.949972253207884,3.5100096402265177,2.3290156049847077,5.613890724835879,99143.14146297859,0.13032769061888388,4.316809570604355,148434.0353401111,2.3287587990354655,50.97920133767658,33.002658001214634,1714.0366178446266,0.831951954987686,0.025842424647322625,0.07784691273322271,3.874311126820402,0.0021227113051311705,258156.87933628028,0.18625137120808755,2.408784833718811,50.21843388523066,8.60074296552764,449.92266607602664,0.21144003238007258,0.02637896663021323,4.802010710521052,448857.1228483183,0.3238350836202855,0.4555103572658606,3.781226288244705,0.5791503591087932,28.799622085688906,0.015408507651296602,7898.739026906897,0.15673345160145444,3.1070300940969826,49.80048019684102,19432.464759107865,991091.8474878959,390.22218747655467,0.02886258036728468,7670.668068894357,0.15220787500782515,0.3874357025299845,19.09737396248833,0.011314549559820019,6.844649917169567,0.06624759110424044,19204.60910078723,549.1033862006875,1.9686651870665947E-5,19.91601183259078,0.01574430884504748,0.0010327899730464987,0.8550982609905878,1545.4377186916454,1626.355434706694,760752.0,1321.5011057224872,9044.20201354865,0.01188850244698489,760722.0,2.925120563256041,0.3418662507663853,0.49901406311680213,88.47647594036133,0.8550982609905878,1321.5011057224872,1545.4377186916454,1154.0,1146.0,1626.355434706694,1626.355434706694,760752.0,1321.5011057224872,2.925120563256041,0.3418662507663853,9044.20201354865,0.01188850244698489,760722.0
"242B.tif","88503aa3-f3cc-4979-8a1f-375a9eb3fef3","Annotation","tumor-associated stroma",21833.181640625,2444.818115234375,586630.0,0.45669399219053275,0.45669399219053275,107.0,203.0,1.5131199921E10,2.608491575383955,46.0,3.052609956418962,251.0,156.34057071748802,28.852616169273205,159.0,3.0,248.0,19.685789365109574,160.60333164832736,-0.381645883412387,36.756714818828534,1.5131199921E10,0.1931179953535231,1351.0560842726893,47.82735293135325,218.0145834455285,-9.126966569274389,8.35857836889827,0.6552488089865316,0.8546125200638041,0.5074740751715119,1.267201102355088,0.3977188720153504,0.7682569902294546,0.7608370898630733,0.9947145201822958,0.9586265336773572,-0.36876375515068405,0.9240718873266813,0.4016353322945166,6.775066091292049,0.07743338764578608,4.254380930489152,0.17335743763611125,13.5501321825841,3.515881537084825,2.2534567944712007,5.608212672743834,77431.50297120842,0.1319937660385736,4.215805557546692,113288.80961423725,2.2546455251843818,48.147573427884694,33.681513049111025,1633.464884168897,0.8984103897205362,0.027046475202060927,0.07324630765382478,3.48526002079101,0.0020701202040446518,195499.11960257834,0.18660674822921172,2.3217681061118025,47.857923377301454,8.894586279999197,433.1869445322067,0.23270070691935357,0.027387791368773017,4.836060006048156,327234.3477458662,0.31234993623448437,0.4464709442067402,3.8779386356475603,0.5662590749694224,26.95870042650133,0.0155805498172176,5584.688749399157,0.1579067704187281,3.0363919095940046,48.009443831820626,29368.45432182543,1408481.1347583905,625.8415009097581,0.029860748631036715,5090.920943252184,0.1439455125753438,0.374496684748901,17.689165970505083,0.011429388938398925,6.935227318833786,0.06028842711760394,29093.328031205816,425.8464534979449,2.63876893995937E-5,19.069002845986265,0.01472950330433695,0.0013416442572052665,0.9498357191970782,1570.0175959020223,1700.119995765005,586654.0,1491.258792355665,7345.459891463196,0.01252094060802994,586630.0,2.7053473987404772,0.36963829505429424,0.5257491900383422,98.21085020938304,0.9498357191970782,1491.258792355665,1570.0175959020223,1222.0,1182.0,1700.119995765005,1700.119995765005,586654.0,1491.258792355665,2.7053473987404772,0.36963829505429424,7345.459891463196,0.01252094060802994,586630.0
"242B.tif","ed57384e-0283-4184-8b1d-84f5109c0f5c","Annotation","roi",25348.5,3578.5,1324785.0,0.45669399219053275,0.45669399219053275,96.0,204.0,3.2595257849E10,2.739983419950338,54.0,2.747947222133722,250.0,151.590310125794,32.17036132233009,154.0,10.0,240.0,22.55344867804712,156.85721845209713,-0.2836726756735687,40.305891089194645,3.2595257849E10,0.17221543733756614,1624.5648564940202,45.6990997755958,287.4410588408637,-9.041678424231515,10.066768515076664,0.7257590175494817,0.8655071269717883,0.5398311791084146,1.3184614097338434,0.43434131561190065,0.7573348839516536,0.7483618966017009,0.9941635715845605,0.9561613059680301,-0.3738283101348283,0.9333215902021248,0.4102370890010786,6.585123188005976,0.06454287489929636,4.4558308728265885,0.13872472807335123,13.170246376011953,3.656184209656017,2.698131883156534,5.75075552509806,173091.38322444775,0.13065620702562886,4.297836465391338,228148.4281532475,2.697784843633211,46.064898832640765,32.424418301837655,1495.0151843506683,1.0111877677803391,0.03035597134432607,0.07957036710303662,3.680155304513261,0.0024141304217722903,426739.2565827278,0.1742812251340183,2.5841581028495715,46.07139400310467,8.348728868762832,391.85237977968336,0.2559990197669398,0.029776311976941833,4.846276761579179,807671.4938431336,0.32985476560091415,0.4620687507784282,3.6650533191867845,0.5852824448126893,27.01359297913436,0.017205300644962472,13980.75502163592,0.15472454345041356,3.1388377435144807,47.132847862415474,16946.745703250366,787374.5113491738,388.9650974851254,0.031324760576693124,13969.902245487445,0.154604436143466,0.3900141523765361,18.184460743194425,0.012424106275829332,6.83664024004197,0.06820653917428111,16731.79049497579,1021.5937771237122,1.2205943371772199E-5,19.40418324101211,0.018487080127582475,5.745739934426561E-4,0.9930735878633582,1333.6786219575872,1627.769639721788,1324785.0,1324.4410141640806,4604.0,0.0034752808946357334,1324785.0,1.1283859810359491,0.8862215738287705,2.392585648374654,2033.93576392241,0.9930735878633582,1324.4410141640806,1333.6786219575872,1155.0,1147.0,1627.769639721788,1627.769639721788,1324785.0,1324.4410141640806,1.1283859810359491,0.8862215738287705,4604.0,0.0034752808946357334,1324785.0
"242B.tif","a95d90f0-fc5b-4840-bf89-9cb65307f4eb","Annotation","roi",21735.0,2606.49951171875,1447991.0,0.45669399219053275,0.45669399219053275,89.0,193.0,3.1876344434E10,2.716514333587386,52.0,2.8007968402901313,251.0,143.02118728638507,31.37909526461753,145.0,3.0,248.0,21.783309439481652,148.37178590281275,-0.20439087634745992,39.48578021495438,3.1876344434E10,0.17645771831821622,1559.126839183683,41.194183461123465,268.8045596824199,-6.660808552965278,9.656806609922405,0.6805367080940116,0.8683343123744494,0.5245139544588475,1.2853013788054184,0.40542181967195356,0.7610633496884985,0.7531434137841654,0.9945108487346344,0.9572589108609484,-0.3813974722658485,0.9349223933060322,0.4119248453129127,6.241002802888839,0.06724428751064444,4.396880901636427,0.1378397599479735,12.482005605777678,3.634051494248062,2.5843358295041052,5.706806517303384,192337.10508628853,0.1328303180657121,4.158800758920725,255509.1880053122,2.584549552480553,41.53721811806842,32.663714760658046,1323.9795896521457,1.200771771766462,0.03439443938918419,0.07592781013606156,3.25294884631818,0.0025108328063853554,472742.82691503793,0.1783566367841812,2.4758134819580366,42.33598712417206,8.33422597892964,337.9793235210228,0.3074363663131123,0.03267282624901183,4.844516814330613,852746.6216608792,0.321724647756192,0.45762508192385176,3.559149181454277,0.5760940827042427,24.652659973483253,0.01830000769887489,14248.965500929582,0.15675257148908794,3.0670079504295233,44.44722280282945,20347.29729045885,897703.3648694734,489.6621623822089,0.0334832495481802,13602.291580950705,0.14963852521920226,0.3822052336078841,16.773424722926798,0.013128635338987083,6.912293376857346,0.06277732389220651,20093.55409591432,1171.822280119953,1.1077355117625773E-5,18.881863477948848,0.017370086513973003,5.196583280833904E-4,0.9665032452239561,1413.3520136380812,1702.2529189283243,1447991.0,1366.0093078250186,4814.0,0.003324606299348546,1447991.0,1.1285432893719627,0.8860980428641799,2.4458611414266107,2125.523156078436,0.9665032452239561,1366.0093078250186,1413.3520136380812,1224.0,1183.0,1702.2529189283243,1702.2529189283243,1447991.0,1366.0093078250186,1.1285432893719627,0.8860980428641799,4814.0,0.003324606299348546,1447991.0
"242B.tif","1a254bc4-98dc-4c75-af4c-be210539d6d2","Annotation","roi",9088.0,7028.0,1283160.0,0.45669399219053275,0.45669399219053275,151.0,232.0,5.4831698228E10,2.158874006621168,51.0,3.2872761753156996,254.0,203.80125003896632,29.32476365261217,221.0,31.0,223.0,22.456150114113665,206.71664224968862,-1.0450250920874748,34.595095975396184,5.4831698228E10,0.2903934274127157,1196.8206655468732,62.25576958643299,210.51457317766943,-22.828222816006043,8.370006061109784,0.3201451312213169,0.9263200089075924,0.2722938895526279,0.9228113950689578,0.24600116893361826,0.8714636880612572,0.8686296519349321,0.9968623443740404,0.9756033105879491,-0.5365952270955068,0.9494218639636554,0.23380732324276754,7.7616560316701015,0.22334562845274478,3.159061166878591,0.4395268369462668,15.523312063340205,2.7891808703347465,2.172537798082776,4.272261866243923,316418.362713925,0.24659306923059088,4.882566800456534,372621.2303189002,2.1725257856171805,62.41267807599988,53.79213815892017,3695.0691293369496,0.9226568253157511,0.01984083307261549,0.03853632991781866,2.0357749042258066,9.408512026169374E-4,251190.68254634098,0.19512896121539164,2.025062716759221,49.68005043089988,133.4542960259643,10483.098842077952,1.7699272809330258,0.02533282976377774,5.157841828001045,326704.12509535416,0.2537890176037043,0.2508077714392593,117.55719180444038,0.5030994214414248,23.76110187010317,0.013272714740537615,4623.562617028307,0.16975300572854232,2.735497666253446,47.48544259646804,4531574.565113632,3.6611930989712524E8,56230.03467067253,0.029756291237447986,2378.499504350699,0.0873260456126115,0.27537969370185283,13.3750623599856,0.008003677364062756,7.598875131522277,0.021226503319928924,4529355.126773319,405.2612296225831,2.2601324733324922E-5,9.01814697779748,0.009076838623989761,0.001288029008028674,0.960207582062484,1334.8333229283737,1602.6340817541602,1283160.0,1281.7170774654846,4532.0,0.0035319056080301754,1283160.0,1.1286117378858889,0.8860443024216602,2.3728540411131496,2000.5264400669148,0.960207582062484,1281.7170774654846,1334.8333229283737,1110.0,1156.0,1602.6340817541602,1602.6340817541602,1283160.0,1281.7170774654846,1.1286117378858889,0.8860443024216602,4532.0,0.0035319056080301754,1283160.0
"242B.tif","71a55ae1-0196-4007-9a33-add253066c19","Annotation","invasive tumor",25796.333984375,4094.283447265625,8856.0,0.45669399219053275,0.45669399219053275,95.0,179.0,1.84404535E8,2.4820215224414213,42.0,3.300872516888871,238.0,140.3201219512195,26.214519025270864,144.0,29.0,209.0,17.724490892154815,144.30022049862927,-0.3472277695436026,33.65734706639698,1.84404535E8,0.21663457638791986,1132.8170115479015,27.812302658017117,166.1068858616447,-7.7020139242367005,7.011004392664103,0.6340203226362017,0.8341351803958694,0.5101326138125036,1.2467621532523832,0.373785038961025,0.7639096197638594,0.7572414165735185,0.9924083548076019,0.9500813053987748,-0.3492358185497411,0.907407640000956,0.4169521148681835,5.1203570813479535,0.0865141744986277,4.0976622380917425,0.16895344164418163,10.240714162695907,3.3758755567153536,1.9112561788250768,5.415651161971358,1222.7278681120144,0.13806773578500614,3.8722345340360977,1918.5158084914183,1.9087182407223808,28.18823396567299,31.853658536585368,870.3323170731708,2.0530668071851674,0.05893309631976179,0.07502991740144316,2.24978877832248,0.0040163237289902115,3501.3469474709354,0.2131199067180556,1.8915960996345473,28.90261123622862,7.729867916489135,213.14711790127214,0.4806468937716998,0.05473485105273155,4.611780088374515,5237.927871446832,0.31882207507741384,0.4637816169828365,3.0807245461124126,0.5709621253084033,16.874564843582597,0.028785986739387762,98.22302158273381,0.1766601107603126,2.6758190569846265,31.866906474820144,3866.6258992805756,115886.60971223022,154.58253258900814,0.054369828117098125,83.10071942446044,0.14946172558356194,0.37874002605891693,12.269315821547078,0.019954315558842403,6.102979597599648,0.06278229448961156,3612.9228818384145,12.800719475692134,0.0015109286824667822,12.11298281783271,0.019528805807579375,0.047408910058658445,0.6567787656394324,132.38850970404272,143.11224081812452,8887.241400003433,86.94996198826519,385.6437566479835,0.04339296518353091,8856.0,1.1539789433744683,0.866566938453658,0.6620832233565984,155.74976959522394,0.6567787656394324,86.94996198826519,132.38850970404272,101.12890625,123.330078125,143.11224081812452,143.11224081812452,8887.241400003433,86.94996198826519,1.1539789433744683,0.866566938453658,385.6437566479835,0.04339296518353091,8856.0
